番号,ポケモン,わざ1,わざ2,わざ3,わざ4,もちもの,せいかく,努力値,HP,こうげき,ぼうぎょ,とくこう,とくぼう,すばやさ
1,フシギダネ,マジカルリーフ,どくどく,やどりぎのタネ,あまいかおり,ひかりのこな,ひかえめ,とくこう/とくぼう,105,48,54,111,101,50
2,ヒトカゲ,ほのおのキバ,メタルクロー,えんまく,こわいかお,ピントレンズ,いじっぱり,こうげき/すばやさ,99,96,48,58,55,101
3,ゼニガメ,アクアジェット,かみつく,からにこもる,まもる,うしおのおこう,いじっぱり,HP/こうげき,135,92,70,49,69,48
4,チコリータ,タネマシンガン,ひみつのちから,なきごえ,ひかりのかべ,のんきのおこう,いじっぱり,HP/こうげき,136,93,70,48,70,50
5,ヒノアラシ,かえんぐるま,にどげり,スピードスター,えんまく,せんせいのツメ,いじっぱり,こうげき/とくぼう,99,96,48,58,86,70
6,ワニノコ,ダイビング,きりさく,いやなおと,こわいかお,するどいツメ,いじっぱり,こうげき/ぼうぎょ,110,111,100,44,53,48
7,キモリ,メガドレイン,スピードスター,フラッシュ,かげぶんしん,きせきのタネ,おくびょう,とくこう/すばやさ,100,45,40,101,60,116
8,アチャモ,ひのこ,オウムがえし,どろかけ,かげぶんしん,もくたん,すなお,こうげき/とくこう,105,96,45,106,55,50
9,ミズゴロウ,みずのはどう,こごえるかぜ,どろかけ,なきごえ,しんぴのしずく,ひかえめ,HP/とくこう,141,67,55,94,55,45
10,ナエトル,はっぱカッター,かみつく,くすぐる,からにこもる,オッカのみ,いじっぱり,HP/こうげき,146,114,69,45,60,36
11,ヒコザル,かえんぐるま,からげんき,にらみつける,ねこだまし,イトケのみ,いじっぱり,こうげき/すばやさ,104,103,49,56,49,97
12,ポッチャマ,バブルこうせん,つばめがえし,なきごえ,ちょうおんぱ,リンドのみ,てれや,こうげき/とくこう,113,87,58,97,61,45
13,コロボーシ,むしくい,がまん,どろかけ,なきごえ,チイラのみ,のんき,HP/ぼうぎょ/とくぼう,118,30,73,30,67,27
14,ピンプク,プレゼント,てんしのキッス,まねっこ,あまえる,オボンのみ,いじっぱり,HP/ぼうぎょ,191,11,41,18,70,35
15,ミノムッチ,むしくい,たいあたり,いびき,まもる,オボンのみ,いじっぱり,HP/こうげき,131,71,50,30,50,41
16,ヌケニン,かげうち,れんぞくぎり,あやしいひかり,すなかけ,のんきのおこう,いじっぱり,こうげき/すばやさ,1,138,50,31,35,76
17,ムックル,つばさでうつ,でんこうせっか,がむしゃら,なきごえ,するどいくちばし,いじっぱり,こうげき/すばやさ,100,100,35,31,35,96
18,ミツハニー,むしくい,かぜおこし,あやしいかぜ,あまいかおり,ぎんのこな,まじめ,こうげき/とくこう/すばやさ,90,56,47,56,47,96
19,ビッパ,ずつき,ついばむ,なきごえ,あくび,シルクのスカーフ,いじっぱり,HP/こうげき,150,89,45,36,45,36
20,コリンク,かみなりのキバ,かみつく,とおぼえ,にらみつける,おうじゃのしるし,いじっぱり,HP/こうげき,136,111,39,40,39,50
21,チェリンボ,マジカルリーフ,どくどく,やどりぎのタネ,てだすけ,おはなのおこう,ひかえめ,とくこう/とくぼう,105,36,50,107,89,40
22,スボミー,メガドレイン,どくどく,せいちょう,なやみのタネ,おおきなねっこ,おだやか,とくこう/とくぼう,100,31,40,86,116,60
23,リーシャン,ねんりき,スピードスター,かなしばり,なきごえ,まがったスプーン,ひかえめ,とくこう/とくぼう,105,31,55,111,86,50
24,リオル,かわらわり,バレットパンチ,みやぶる,カウンター,たつじんのおび,いじっぱり,こうげき/すばやさ,100,116,45,36,45,96
25,ウソハチ,いわなだれ,けたぐり,まねっこ,すなあらし,がんせきおこう,いじっぱり,こうげき/ぼうぎょ,110,127,131,13,50,15
26,カゲボウズ,かげうち,はたきおとす,おにび,おんねん,のろいのおふだ,いじっぱり,HP/こうげき,135,122,40,61,38,50
27,ヨマワル,かげうち,いたみわけ,おにび,あやしいひかり,のろいのおふだ,いじっぱり,ぼうぎょ/とくぼう,80,49,126,31,126,30
28,ロコン,ひのこ,スピードスター,おにび,あやしいひかり,ひかりのこな,おだやか,とくこう/とくぼう,98,41,45,86,111,70
29,ピカチュウ,でんきショック,スピードスター,でんじは,かげぶんしん,オボンのみ,ひかえめ,とくこう/すばやさ,95,54,35,94,45,126
30,サンド,あなをほる,がんせきふうじ,すなあらし,すなかけ,やわらかいすな,いじっぱり,こうげき/ぼうぎょ,110,122,121,22,35,45
31,イシツブテ,マグニチュード,ロックブラスト,かいりき,まもる,きあいのハチマキ,いじっぱり,こうげき/ぼうぎょ,100,127,136,31,35,25
32,ミニリュウ,たつまき,みずのはどう,でんじは,ちょうおんぱ,クラボのみ,ひかえめ,とくこう/とくぼう,101,62,50,94,86,55
33,ブルー,ずつき,かみつく,いばる,こわいかお,するどいツメ,いじっぱり,HP/こうげき,151,127,55,40,45,35
34,テッポウオ,バブルこうせん,オーロラビーム,どろかけ,ちょうおんぱ,ヤタピのみ,ひかえめ,とくこう/すばやさ,95,63,40,111,40,101
35,ヨーギラス,いわなだれ,あなをほる,かみつく,こわいかお,チイラのみ,いじっぱり,HP/こうげき,141,110,55,45,55,46
36,ヤジロン,サイケこうせん,どろかけ,げんしのちから,ひかりのかべ,まがったスプーン,ひかえめ,とくこう/とくぼう,110,40,60,83,106,60
37,ユキワラシ,こおりのキバ,ずつき,かみつく,まもる,おうじゃのしるし,いじっぱり,HP/こうげき,141,94,55,49,55,55
38,タツベイ,りゅうのいぶき,ずつき,かわらわり,こわいかお,りゅうのキバ,やんちゃ,こうげき/ぼうぎょ,105,122,96,45,31,55
39,ドーミラー,ねんりき,ジャイロボール,げんしのちから,ふういん,あやしいおこう,ゆうかん,こうげき/とくこう,117,66,91,60,91,25
40,フカマル,りゅうのいかり,すなじごく,メタルクロー,すなあらし,やわらかいすな,いじっぱり,HP/こうげき,149,116,50,40,50,47
41,グレッグル,どくづき,めざましビンタ,ちょうはつ,いばる,くろいヘドロ,いじっぱり,HP/こうげき,139,106,45,59,45,55
42,コンパン,むしくい,どくのこな,サイケこうせん,ちょうおんぱ,ぎんのこな,のんき,HP/とくこう,151,60,60,76,60,45
43,ワンリキー,からてチョップ,がんせきふうじ,みやぶる,こわいかお,ピントレンズ,いじっぱり,HP/こうげき,161,127,55,36,40,40
44,ムチュール,ねんりき,こごえるかぜ,ねこだまし,てんしのキッス,ひかりのこな,おっとり,とくこう/すばやさ,105,35,18,133,70,101
45,キバニア,アクアジェット,かみつく,こわいかお,いばる,クラボのみ,いじっぱり,HP/こうげき,136,138,25,63,25,70
46,ドンメル,マグニチュード,ひのこ,がんせきふうじ,すなあらし,のんきのおこう,まじめ,こうげき/とくこう,120,96,45,101,50,40
47,ヘイガニ,バブルこうせん,はさむ,はたきおとす,いばる,モモンのみ,ゆうかん,HP/とくこう,134,93,70,86,40,36
48,ドードー,つばめがえし,でんこうせっか,だましうち,つぼをつく,チイラのみ,ようき,こうげき/すばやさ,95,121,50,36,40,122
49,チルット,エアカッター,スピードスター,オウムがえし,メロメロ,メンタルハーブ,ひかえめ,とくこう/とくぼう,105,40,65,83,111,55
50,ニャルマー,みだれひっかき,ねこだまし,だましうち,メロメロ,するどいツメ,ようき,こうげき/すばやさ,109,91,47,42,42,133
51,マネネ,まねっこ,ねんりき,バリアー,ひかりのかべ,のんきのおこう,ずぶとい,とくこう/とくぼう,80,27,55,106,126,65
52,ヤドン,みずのはどう,ねんりき,かなしばり,あくび,クラボのみ,ひかえめ,HP/とくこう,181,63,70,83,45,20
53,ナゾノクサ,メガドレイン,ようかいえき,あまいかおり,つきのひかり,おはなのおこう,ずぶとい,とくこう/とくぼう,105,49,66,111,101,35
54,コダック,みずでっぽう,ねんりき,みずあそび,かなしばり,カゴのみ,ひかえめ,HP/とくこう,141,51,53,111,55,60
55,カラカラ,ホネこんぼう,ずつき,かわらわり,にらみつける,やわらかいすな,いじっぱり,こうげき/ぼうぎょ,110,94,131,40,55,40
56,トサキント,みずのはどう,サイケこうせん,ちょうおんぱ,あまごい,ヤタピのみ,ひかえめ,ぼうぎょ/とくこう,105,64,96,78,55,68
57,ネイティ,ナイトヘッド,エアカッター,あやしいかぜ,みらいよち,まがったスプーン,おくびょう,とくこう/すばやさ,100,49,50,106,50,116
58,ピッピ,めざましビンタ,このゆびとまれ,アンコール,うたう,ひかりのこな,いじっぱり,HP/こうげき,161,89,53,58,70,40
59,コイル,でんげきは,ミラーショット,きんぞくおん,リフレクター,チーゴのみ,ずぶとい,ぼうぎょ/とくこう,85,36,116,131,60,50
60,パウワウ,アクアジェット,こおりのつぶて,ねこだまし,アンコール,ナナシのみ,いじっぱり,こうげき/とくぼう,125,89,60,45,106,50
61,ベトベター,どくどく,かげうち,とける,ちいさくなる,くろいヘドロ,いじっぱり,HP/こうげき,171,127,55,40,55,30
62,クラブ,バブルこうせん,はさむ,にらみつける,まもる,モモンのみ,れいせい,ぼうぎょ/とくこう,90,110,126,67,30,49
63,タマタマ,ねんりき,くさむすび,やどりぎのタネ,ひかりのかべ,あやしいおこう,ひかえめ,ぼうぎょ/とくこう,120,40,116,105,50,45
64,イーブイ,とっしん,かみつく,じたばた,こらえる,カムラのみ,ようき,こうげき/すばやさ,115,91,55,45,70,100
65,カラナクシ,みずのはどう,どろかけ,こごえるかぜ,かたくなる,のんきのおこう,ずぶとい,HP/とくこう,167,47,58,93,67,39
66,スリープ,サイケこうせん,ねこのて,かなしばり,バリアー,チーゴのみ,ひかえめ,とくこう/とくぼう,120,47,50,86,126,47
67,スカンプー,おいうち,どくどく,きりさく,えんまく,くろいメガネ,いじっぱり,こうげき/すばやさ,123,108,52,41,46,110
68,ビリリダマ,でんげきは,スピードスター,でんじは,ひかりのかべ,ヤタピのみ,ひかえめ,とくこう/すばやさ,100,31,55,100,60,136
69,チョンチー,でんげきは,バブルこうせん,こごえるかぜ,でんじは,じしゃく,ひかえめ,HP/とくこう,166,38,43,101,61,72
70,ヒメグマ,ひみつのちから,だましうち,メロメロ,ねむる,カゴのみ,わんぱく,HP/こうげき,151,116,60,49,55,45
71,デリバード,プレゼント,アイスボール,つばめがえし,あられ,とけないこおり,いじっぱり,こうげき/すばやさ,105,100,50,63,50,111
72,デルビル,ほのおのキバ,かみつく,ほえる,おにび,もくたん,いじっぱり,こうげき/すばやさ,105,105,35,76,55,101
73,ゴマゾウ,ころがる,がんせきふうじ,まるくなる,すなあらし,メトロノーム,いじっぱり,HP/こうげき,181,105,65,40,45,45
74,ココドラ,メタルクロー,がんせきふうじ,てっぺき,まもる,メタルコート,わんぱく,こうげき/ぼうぎょ,110,106,149,40,45,35
75,バネブー,サイコウェーブ,スピードスター,マジックコート,あやしいひかり,オボンのみ,ひかえめ,とくこう/とくぼう,120,27,40,116,116,65
76,ラブカス,みずのはどう,メロメロ,てんしのキッス,あまごい,しめったいわ,おくびょう,とくこう/すばやさ,103,31,60,76,70,146
77,ブイゼル,アクアジェット,でんこうせっか,おいうち,なきごえ,さざなみのおこう,ようき,こうげき/すばやさ,115,101,40,58,35,133
78,ヒポポタス,あなをほる,がんせきふうじ,すなじごく,あくび,カゴのみ,いじっぱり,HP/こうげき,159,118,83,38,47,37
79,スコルピ,どくどくのキバ,むしくい,かみつく,どくびし,どくバリ,わんぱく,こうげき/ぼうぎょ,100,86,138,31,60,70
80,ケイコウオ,みずのはどう,ぎんいろのかぜ,メロメロ,アクアリング,さざなみのおこう,ひかえめ,とくこう/とくぼう,109,48,61,93,97,71
81,ユキカブリ,れいとうパンチ,はっぱカッター,くさぶえ,ねをはる,とけないこおり,いじっぱり,HP/こうげき,151,107,55,60,65,45
82,メノクラゲ,バブルこうせん,ようかいえき,ちょうおんぱ,バリアー,クラボのみ,ひかえめ,とくこう/とくぼう,100,40,40,94,136,75
83,サボネア,ニードルアーム,だましうち,わたほうし,くさぶえ,ナナシのみ,いじっぱり,HP/こうげき,141,133,45,81,45,40
84,ドガース,ヘドロこうげき,サイケこうせん,えんまく,うらみ,どくバリ,ひかえめ,ぼうぎょ/とくこう,100,63,131,105,50,40
85,ヒトデマン,バブルこうせん,たつまき,スピードスター,ひかりのかべ,クラボのみ,おくびょう,とくこう/すばやさ,90,45,60,106,60,133
86,ポポッコ,メガドレイン,つばめがえし,ねんりき,わたほうし,おおきなねっこ,すなお,こうげき/とくこう,115,81,55,81,70,85
87,ハスブレロ,みずのはどう,メガドレイン,ねこだまし,あまごい,しめったいわ,れいせい,とくこう/とくぼう,120,55,55,105,106,49
88,コノハナ,はっぱカッター,だましうち,いばる,かたくなる,ナナシのみ,いじっぱり,HP/こうげき,161,116,45,58,45,65
89,ビブラーバ,りゅうのいぶき,どろかけ,あやしいかぜ,ちょうおんぱ,ナナシのみ,ひかえめ,とくこう/すばやさ,110,67,55,94,55,106
90,ムクバード,がむしゃら,つばさでうつ,でんこうせっか,ふきとばし,するどいくちばし,いじっぱり,こうげき/すばやさ,115,122,55,40,45,116
91,サイホーン,あなをほる,ロックブラスト,こわいかお,しっぽをふる,キーのみ,いじっぱり,HP/こうげき/ぼうぎょ,161,122,121,31,35,30
92,パールル,うずしお,どくどく,てっぺき,まもる,しんかいのウロコ,ずぶとい,HP/ぼうぎょ,126,62,133,79,60,37
93,タマンタ,バブルこうせん,つばめがえし,こごえるかぜ,こうそくいどう,しんぴのしずく,すなお,とくこう/とくぼう,105,25,55,96,156,55
94,フワンテ,あやしいかぜ,エアカッター,こごえるかぜ,おにび,ヤタピのみ,ひかえめ,HP/とくこう,181,49,39,105,49,75
95,ピジョン,つばさでうつ,でんこうせっか,フェザーダンス,オウムがえし,チーゴのみ,いじっぱり,こうげき/すばやさ,123,105,60,49,55,107
96,ガーディ,ほのおのキバ,かみつく,ほえる,こうそくいどう,もくたん,いじっぱり,HP/こうげき,146,116,50,57,55,65
97,ズガイドス,がんせきふうじ,おいうち,こわいかお,にらみつける,がんせきおこう,しんちょう,ぼうぎょ/とくぼう,127,130,76,31,72,63
98,タテトプス,アイアンヘッド,がんせきふうじ,いばる,てっぺき,きあいのハチマキ,なまいき,こうげき/ぼうぎょ,90,78,154,47,102,31
99,ミミロル,ピヨピヨパンチ,ドレインパンチ,でんこうせっか,みやぶる,くろおび,いじっぱり,こうげき/すばやさ,115,112,49,44,31,121
100,カモネギ,きりさく,エアカッター,はたきおとす,つるぎのまい,ながねぎ,いじっぱり,こうげき/とくぼう,112,111,60,56,98,65
101,オムナイト,げんしのちから,みずでっぽう,マッドショット,まもる,モモンのみ,ずぶとい,ぼうぎょ/とくこう,95,40,149,126,60,40
102,カブト,アクアジェット,がんせきふうじ,はたきおとす,きんぞくおん,チイラのみ,いじっぱり,こうげき/ぼうぎょ,90,127,126,54,50,60
103,リリーラ,げんしのちから,くさむすび,ねをはる,あやしいひかり,のんきのおこう,おだやか,HP/ぼうぎょ/とくぼう,147,41,103,66,124,28
104,アノプス,れんぞくぎり,ロックブラスト,メタルクロー,まもる,メトロノーム,いじっぱり,こうげき/すばやさ,105,144,55,40,55,111
105,エイパム,ダブルアタック,とんぼがえり,でんじは,ねこだまし,シルクのスカーフ,いじっぱり,こうげき/すばやさ,115,116,60,40,60,121
106,エレキッド,かみなりパンチ,からてチョップ,でんこうせっか,ひかりのかべ,クラボのみ,ようき,こうげき/すばやさ,105,99,42,63,60,144
107,ドゴーム,ふみつけ,かみつく,とおぼえ,ちょうおんぱ,キーのみ,いじっぱり,HP/こうげき,175,117,48,68,48,53
108,パッチール,ピヨピヨパンチ,ドレインパンチ,だましうち,フラフラダンス,シルクのスカーフ,いじっぱり,HP/こうげき,151,105,65,58,65,65
109,ノコッチ,ずつき,かみつく,うらみ,へびにらみ,するどいツメ,いじっぱり,HP/こうげき,191,116,75,63,70,50
110,ニドリーナ,どくどくのキバ,にどげり,かみつく,おだてる,どくバリ,いじっぱり,HP/こうげき,161,107,72,54,60,61
111,ニドリーノ,どくどく,にどげり,からげんき,おだてる,きあいのハチマキ,いじっぱり,HP/こうげき,152,118,62,54,60,70
112,モココ,でんげきは,スピードスター,でんじは,ひかりのかべ,ひかりのねんど,ひかえめ,HP/とくこう,161,54,60,127,65,50
113,ブビィ,ほのおのパンチ,マッハパンチ,にらみつける,えんまく,モモンのみ,いじっぱり,こうげき/すばやさ,105,122,42,67,60,119
114,ノズパス,げんしのちから,でんげきは,でんじは,すなあらし,かたいいし,ひかえめ,ぼうぎょ/とくこう,90,45,171,89,95,35
115,サニーゴ,バブルこうせん,げんしのちから,ミラーコート,バリアー,きあいのハチマキ,ひかえめ,とくこう/とくぼう,115,54,90,111,121,40
116,エネコロロ,ひみつのちから,だましうち,ねこだまし,みやぶる,オボンのみ,いじっぱり,HP/こうげき,161,111,70,54,60,75
117,ヤミラミ,だましうち,かげうち,ねこだまし,みきり,くろいメガネ,わんぱく,こうげき/ぼうぎょ,110,111,122,63,70,55
118,クチート,アイアンヘッド,かみつく,くすぐる,てっぺき,ひかりのこな,わんぱく,HP/ぼうぎょ,141,90,133,54,60,55
119,コロトック,れんぞくぎり,いわくだき,はたきおとす,きあいだめ,メトロノーム,いじっぱり,HP/こうげき,168,133,56,54,56,70
120,バタフリー,ぎんいろのかぜ,エアカッター,サイケこうせん,おいかぜ,モモンのみ,ひかえめ,とくこう/とくぼう,120,45,55,127,116,75
121,スピアー,ダブルニードル,どくどく,ダメおし,こうそくいどう,ピントレンズ,ようき,こうげき/とくぼう,125,116,45,45,116,88
122,ニョロゾ,バブルこうせん,おうふくビンタ,しろいきり,あまごい,チイラのみ,がんばりや,こうげき/とくこう,125,101,70,86,55,95
123,イワーク,いわなだれ,あなをほる,いやなおと,すなあらし,かたいいし,いじっぱり,こうげき/ぼうぎょ,95,89,196,31,50,75
124,ベロリンガ,ひみつのちから,がんせきふうじ,したでなめる,いやなおと,カゴのみ,いじっぱり,HP/こうげき,181,100,80,58,80,35
125,アゲハント,ぎんいろのかぜ,エアカッター,メガドレイン,メロメロ,ぎんのこな,ひかえめ,とくこう/すばやさ,120,67,55,138,55,101
126,ドクケイル,ぎんいろのかぜ,どくどく,サイケこうせん,ふきとばし,ぎんのこな,ひかえめ,とくこう/とくぼう,120,49,75,94,126,70
127,ウツドン,はっぱカッター,ようかいえき,まきつく,あまいかおり,ピントレンズ,れいせい,こうげき/とくこう,125,126,55,133,50,54
128,ゴローン,マグニチュード,がんせきふうじ,ステルスロック,まるくなる,きあいのハチマキ,いじっぱり,こうげき/ぼうぎょ,115,144,151,45,50,40
129,レディアン,ぎんいろのかぜ,エアカッター,こうそくいどう,バトンタッチ,するどいツメ,おくびょう,とくこう/とくぼう,115,36,55,91,146,99
130,アリアドス,むしくい,どくどく,かげうち,クモのす,ぎんのこな,いじっぱり,HP/こうげき,161,138,75,58,65,45
131,ヤンヤンマ,ぎんいろのかぜ,エアカッター,かげぶんしん,みきり,のんきのおこう,おくびょう,とくこう/すばやさ,125,63,50,111,50,144
132,ゴンベ,ゆびをふる,リサイクル,たくわえる,のみこむ,オボンのみ,のんき,ぼうぎょ/とくぼう,195,90,83,45,121,9
133,クサイハナ,メガドレイン,ようかいえき,しびれごな,つきのひかり,きせきのタネ,ひかえめ,HP/とくこう,151,63,75,133,80,45
134,ポリゴン,スピードスター,サイケこうせん,こごえるかぜ,リサイクル,キーのみ,ひかえめ,HP/とくこう,156,58,75,133,80,45
135,ポワルン,ウェザーボール,にほんばれ,あまごい,あられ,キーのみ,おくびょう,とくこう/すばやさ,130,67,75,106,75,116
136,バルビート,とんぼがえり,でんこうせっか,あやしいひかり,てだすけ,チイラのみ,ようき,こうげき/すばやさ,125,109,60,46,80,133
137,イルミーゼ,ぎんいろのかぜ,スピードスター,ねがいごと,てだすけ,ヤタピのみ,おくびょう,とくこう/すばやさ,125,46,60,109,80,133
138,ロゼリア,メガドレイン,どくどく,くさぶえ,わたほうし,くろいヘドロ,ひかえめ,とくこう/とくぼう,110,58,50,149,116,70
139,ホエルコ,みずのはどう,こごえるかぜ,ほえる,しろいきり,うしおのおこう,ひかえめ,とくこう/すばやさ,190,67,40,116,40,96
140,パラセクト,むしくい,くさむすび,ひっかく,しびれごな,ナナシのみ,ようき,とくぼう/すばやさ,120,100,85,58,116,72
141,ペラップ,おしゃべり,スピードスター,うたう,オウムがえし,キーのみ,おだやか,とくぼう/すばやさ,136,63,50,97,85,127
142,ゴースト,ナイトヘッド,どくどく,あやしいひかり,おんねん,キーのみ,おくびょう,とくこう/すばやさ,105,49,50,151,60,144
143,トゲチック,エアカッター,スピードスター,マジカルリーフ,ねがいごと,カゴのみ,おだやか,とくこう/とくぼう,115,40,90,116,155,45
144,ヤミカラス,だましうち,つばさでうつ,いちゃもん,ちょうはつ,くろいメガネ,ようき,こうげき/すばやさ,120,121,47,80,47,139
145,ソーナンス,カウンター,ミラーコート,あまえる,はねる,きあいのハチマキ,ようき,ぼうぎょ/とくぼう/すばやさ,250,38,84,34,84,64
146,プラスル,でんげきは,スピードスター,うそなき,てだすけ,ヤタピのみ,おくびょう,とくこう/すばやさ,120,49,45,121,80,144
147,マイナン,でんげきは,スピードスター,アンコール,てだすけ,カムラのみ,おくびょう,とくこう/すばやさ,120,40,55,111,90,144
148,パチリス,スパーク,でんこうせっか,かみつく,てんしのキッス,じしゃく,ようき,こうげき/すばやさ,120,81,75,45,95,144
149,ポニータ,かえんぐるま,ふみつけ,おにび,しっぽをふる,カゴのみ,いじっぱり,こうげき/すばやさ,110,133,60,63,70,126
150,マリルリ,バブルこうせん,ころがる,まるくなる,しっぽをふる,モモンのみ,れいせい,とくこう/とくぼう,160,55,85,94,116,49
151,フシギソウ,はっぱカッター,どくのこな,とっしん,やどりぎのタネ,カムラのみ,しんちょう,こうげき/とくぼう,122,100,70,78,129,67
152,リザード,ほのおのキバ,きりさく,えんまく,こわいかお,するどいツメ,やんちゃ,こうげき/すばやさ,120,112,65,84,64,118
153,カメール,アクアジェット,かみつく,こうそくスピン,あくび,きあいのハチマキ,いじっぱり,HP/こうげき,152,111,84,64,84,65
154,ベイリーフ,マジカルリーフ,げんしのちから,しんぴのまもり,ひかりのかべ,オボンのみ,ひかえめ,HP/とくこう,153,62,87,111,87,67
155,マグマラシ,かえんぐるま,にどげり,でんこうせっか,えんまく,カゴのみ,いじっぱり,こうげき/すばやさ,120,112,65,78,72,118
156,アリゲイツ,みずのはどう,きりさく,かみつく,こわいかお,ピントレンズ,まじめ,こうげき/とくこう,127,118,87,97,70,65
157,ジュプトル,マジカルリーフ,スピードスター,どろかけ,みきり,バコウのみ,おくびょう,とくこう/すばやさ,112,64,52,123,72,146
158,ワカシャモ,ほのおのパンチ,にどげり,でんこうせっか,すなかけ,チイラのみ,いじっぱり,HP/こうげき,153,135,67,82,67,62
159,ヌマクロー,マッドショット,みずのはどう,げんしのちから,なきごえ,きあいのハチマキ,ひかえめ,とくこう/とくぼう,132,82,77,107,108,57
160,ハヤシガメ,はっぱカッター,かみつく,やどりぎのタネ,こうごうせい,おおきなねっこ,のんき,こうげき/ぼうぎょ,137,127,135,62,72,38
161,モウカザル,マッハパンチ,かえんぐるま,みだれひっかき,ちょうはつ,バコウのみ,いじっぱり,こうげき/すばやさ,126,127,59,76,59,119
162,ポッタイシ,バブルこうせん,メタルクロー,つつく,かげぶんしん,ソクノのみ,れいせい,とくこう/とくぼう,126,73,75,130,114,51
163,ウソッキー,いわなだれ,だましうち,すなあらし,とおせんぼう,かたいいし,わんぱく,こうげき/ぼうぎょ,132,138,168,33,72,37
164,マグカルゴ,ふんえん,げんしのちから,とける,すなあらし,のんきのおこう,ひかえめ,HP/とくこう,143,51,127,129,87,37
165,サナギラス,がんせきふうじ,あなをほる,こわいかお,すなあらし,かたいいし,いじっぱり,HP/こうげき,163,134,77,64,77,58
166,トドグラー,オーロラビーム,みずのはどう,アンコール,あられ,つめたいいわ,のんき,HP/とくこう,183,67,84,113,77,46
167,ビーダル,ずつき,みずのはどう,でんこうせっか,なきごえ,ヨプのみ,きまぐれ,こうげき/とくこう,141,123,67,93,67,78
168,ガバイト,りゅうのいかり,すなじごく,きりさく,すなかけ,ヤチェのみ,いじっぱり,こうげき/すばやさ,130,140,72,51,62,120
169,ゴーリキー,からてチョップ,がんせきふうじ,みやぶる,こわいかお,きあいのハチマキ,いじっぱり,HP/こうげき,173,151,77,51,67,52
170,ラッタ,がむしゃら,おいうち,でんこうせっか,こわいかお,シルクのスカーフ,ようき,こうげき/すばやさ,117,119,64,51,77,148
171,アメモース,ぎんいろのかぜ,エアカッター,あまいかおり,こわいかお,ぎんのこな,ずぶとい,ぼうぎょ/とくこう,132,60,110,118,89,67
172,オオタチ,きりさく,ふいうち,てだすけ,ねこのて,チイラのみ,ようき,こうげき/すばやさ,147,114,71,46,62,140
173,ルクシオ,かみなりのキバ,かみつく,フラッシュ,いばる,じしゃく,いじっぱり,HP/こうげき,153,135,56,60,56,67
174,チェリム,マジカルリーフ,やどりぎのタネ,くさぶえ,こうごうせい,キーのみ,ずぶとい,とくぼう/すばやさ,132,60,84,94,116,123
175,ハクリュー,りゅうのいぶき,みずのはどう,でんじは,しんぴのまもり,クラボのみ,ひかえめ,とくこう/とくぼう,123,81,72,118,108,77
176,グラエナ,かみつく,どくどくのキバ,とおぼえ,ほえる,するどいキバ,ようき,こうげき/すばやさ,132,128,77,60,67,118
177,マッスグマ,きりさく,シャドークロー,ほしがる,くすぐる,サンのみ,ようき,こうげき/すばやさ,140,108,68,51,68,151
178,ユンゲラー,ねんりき,なりきり,かなしばり,みらいよち,まがったスプーン,おくびょう,とくぼう/すばやさ,102,37,37,127,108,157
179,コモルー,りゅうのいぶき,ずつき,まもる,こわいかお,ナナシのみ,れいせい,こうげき/とくこう,127,133,107,107,57,51
180,メタング,メタルクロー,ねんりき,でんじふゆう,こわいかお,カゴのみ,がんばりや,こうげき/とくこう,122,113,107,93,84,57
181,ミノマダム,はっぱカッター,むしくい,まもる,ゆうわく,バコウのみ,いじっぱり,こうげき/とくぼう,163,90,57,145,57,73
182,ガーメイル,ぎんいろのかぜ,エアカッター,どくのこな,ゆうわく,ヤタピのみ,ひかえめ,HP/とくこう,233,118,52,73,57,52
183,プクリン,ひみつのちから,くさむすび,ねがいごと,うたう,シルクのスカーフ,いじっぱり,HP/こうげき,137,73,62,143,135,37
184,キマワリ,メガドレイン,ねをはる,やどりぎのタネ,ひかりのかべ,キーのみ,おだやか,とくこう/とくぼう,127,51,77,133,129,72
185,チリーン,サイコウェーブ,こごえるかぜ,いやしのすず,しんぴのまもり,モモンのみ,おだやか,とくこう/とくぼう,127,124,143,37,72,92
186,グライガー,つばめがえし,すなじごく,メタルクロー,つるぎのまい,するどいツメ,いじっぱり,こうげき/ぼうぎょ,127,124,143,37,72,92
187,ハリーセン,バブルこうせん,どくどく,ミサイルばり,かたくなる,クラボのみ,てれや,こうげき/とくこう,127,133,82,93,62,92
188,ニューラ,だましうち,こおりのつぶて,にらみつける,ちょうはつ,キーのみ,ようき,こうげき/すばやさ,117,133,62,37,82,168
189,オオスバメ,ついばむ,でんこうせっか,きあいだめ,なきごえ,おうじゃのしるし,ようき,こうげき/すばやさ,122,123,67,51,57,179
190,ペリッパー,みずのはどう,エアカッター,たくわえる,のみこむ,カゴのみ,ひかえめ,ぼうぎょ/とくこう,122,51,138,135,77,72
191,コドラ,メタルクロー,がんせきふうじ,てっぺき,まもる,メタルコート,わんぱく,こうげき/ぼうぎょ,122,128,195,51,57,47
192,モンジャラ,メガドレイン,げんしのちから,どくどく,しめつける,モモンのみ,ずぶとい,ぼうぎょ/とくこう,127,55,168,138,47,67
193,ムウマ,あやしいかぜ,いたみわけ,あやしいひかり,でんじは,クラボのみ,おだやか,とくこう/とくぼう,122,60,67,123,135,92
194,アーボック,どくどくのキバ,かみつく,いえき,へびにらみ,キーのみ,いじっぱり,HP/こうげき,153,135,76,64,86,87
195,ペルシアン,きりさく,とんぼがえり,ゆうわく,いばる,シルクのスカーフ,ようき,こうげき/すばやさ,127,108,67,64,72,168
196,シードラ,バブルこうせん,オーロラビーム,えんまく,あまごい,するどいツメ,ずぶとい,ぼうぎょ/とくこう,117,64,146,133,52,92
197,ヤルキモノ,きりさく,おいうち,アンコール,カウンター,きあいのハチマキ,いじっぱり,HP/こうげき,173,129,84,55,62,97
198,ルナトーン,げんしのちから,ねんりき,コスモパワー,リフレクター,オボンのみ,ひかえめ,とくこう/とくぼう,132,55,72,146,123,77
199,ソルロック,サイコウェーブ,がんせきふうじ,コスモパワー,ひかりのかべ,オボンのみ,いじっぱり,こうげき/ぼうぎょ,132,146,123,55,72,77
200,カクレオン,きりさく,かげうち,しっぽをふる,マジックコート,サンのみ,しんちょう,こうげき/とくぼう,122,128,77,60,173,47
201,ロトム,でんきショック,おどろかす,でんじは,あやしいひかり,クラボのみ,ひかえめ,とくこう/すばやさ,112,51,84,146,84,129
202,オニドリル,ついばむ,からげんき,なきごえ,にらみつける,するどいくちばし,いじっぱり,こうげき/すばやさ,127,140,72,61,68,138
203,ヨルノズク,ひみつのちから,つばめがえし,ちょうおんぱ,リフレクター,キーのみ,いじっぱり,HP/こうげき,193,96,57,74,103,77
204,サンドパン,あなをほる,がんせきふうじ,まるくなる,すなあらし,オボンのみ,いじっぱり,こうげき/ぼうぎょ,137,151,148,46,62,72
205,モルフォン,ぎんいろのかぜ,サイケこうせん,ねむりごな,メロメロ,くろいヘドロ,おくびょう,とくこう/すばやさ,132,64,67,128,82,140
206,ラッキー,ゆびをふる,リフレッシュ,まるくなる,ちいさくなる,オボンのみ,なまいき,HP/とくぼう,343,12,12,42,157,51
207,アズマオウ,みずのはどう,サイケこうせん,ちょうおんぱ,あまごい,モモンのみ,ひかえめ,HP/とくこう,173,89,72,113,84,75
208,ワタッコ,つばめがえし,タネマシンガン,わたほうし,しっぽをふる,モモンのみ,ようき,こうげき/すばやさ,137,93,77,55,92,162
209,イノムー,こごえるかぜ,どろばくだん,しろいきり,あられ,とけないこおり,ひかえめ,HP/とくこう,193,96,87,107,67,57
210,ブニャット,きりさく,だましうち,メロメロ,なきごえ,シルクのスカーフ,いじっぱり,こうげき/すばやさ,133,132,71,63,66,150
211,マスキッパ,はっぱカッター,かみつく,あまいかおり,ねをはる,きせきのタネ,いじっぱり,HP/こうげき,167,151,79,87,79,53
212,ゴルバット,つばめがえし,どくどく,はがねのつばさ,あやしいひかり,ウタンのみ,ようき,こうげき/すばやさ,137,118,77,64,82,140
213,オコリザル,からてチョップ,みだれひっかき,みやぶる,きあいだめ,ピントレンズ,ようき,こうげき/すばやさ,127,143,67,60,77,146
214,サワムラー,まわしげり,からげんき,みやぶる,きあいだめ,くろおび,しんちょう,こうげき/とくぼう,112,158,60,37,162,94
215,エビワラー,マッハパンチ,バレットパンチ,こころのめ,カウンター,おうじゃのしるし,いじっぱり,こうげき/とくぼう,112,157,86,37,148,83
216,キリンリキ,サイケこうせん,スピードスター,バトンタッチ,こうそくいどう,ヤタピのみ,ひかえめ,とくこう/すばやさ,132,78,72,140,72,123
217,カポエラー,トリプルキック,マッハパンチ,みきり,きあいだめ,チイラのみ,いじっぱり,HP/こうげき,143,146,102,37,117,77
218,ジュペッタ,かげうち,はたきおとす,おにび,うらみ,チーゴのみ,いじっぱり,HP/こうげき,157,168,72,81,70,72
219,サマヨール,かげうち,いたみわけ,おにび,あやしいひかり,チーゴのみ,わんぱく,ぼうぎょ/とくぼう,102,77,184,60,168,32
220,テッカニン,むしくい,つばめがえし,すなかけ,バトンタッチ,カゴのみ,いじっぱり,HP/こうげき,154,140,52,51,57,167
221,ザングース,ひっかく,おいうち,みきり,にらみつける,キーのみ,いじっぱり,こうげき/すばやさ,135,168,67,60,67,128
222,ハブネーク,ポイズンテール,したでなめる,はたきおとす,へびにらみ,ピントレンズ,いじっぱり,HP/こうげき,166,151,67,96,67,72
223,ドードリオ,ついばむ,みだれづき,なきごえ,つぼをつく,ナナシのみ,ようき,こうげき/すばやさ,122,148,77,60,67,151
224,サメハダー,みずのはどう,かみつく,こわいかお,きあいだめ,クラボのみ,がんばりや,とくこう/すばやさ,132,127,47,133,47,133
225,バクーダ,マグニチュード,おにび,がんせきふうじ,ドわすれ,きあいのハチマキ,ゆうかん,HP/こうげき,163,151,77,112,82,42
226,トロピウス,はっぱカッター,つばめがえし,やどりぎのタネ,ゆうわく,サンのみ,いじっぱり,HP/こうげき,192,116,90,71,94,58
227,ネオラント,みずでっぽう,とんぼがえり,ゆうわく,メロメロ,ソクノのみ,てれや,こうげき/とくこう,131,107,83,107,93,98
228,レアコイル,でんげきは,マグネットボム,でんじは,ちょうおんぱ,ヤタピのみ,きまぐれ,こうげき/とくこう,112,98,102,158,77,77
229,マンタイン,バブルこうせん,つばさでうつ,こうそくいどう,ちょうおんぱ,しんぴのしずく,がんばりや,こうげき/とくこう,127,78,77,118,147,77
230,オドシシ,ふみつけ,かみつく,ふういん,あやしいひかり,チイラのみ,いじっぱり,こうげき/すばやさ,135,146,69,82,72,123
231,マルノーム,ヘドロこうげき,たくわえる,のみこむ,はきだす,のんきのおこう,ひかえめ,HP/ぼうぎょ/とくぼう,183,72,111,88,111,62
232,シザリガー,バブルこうせん,あくのはどう,かたくなる,ちょうはつ,キーのみ,ひかえめ,ぼうぎょ/とくこう,125,114,123,140,62,62
233,ピジョット,つばさでうつ,からげんき,おいかぜ,すなかけ,クラボのみ,いじっぱり,こうげき/すばやさ,145,129,82,69,77,129
234,ネイティオ,しねんのずつき,ついばむ,おいかぜ,みらいよち,するどいくちばし,ようき,こうげき/すばやさ,127,113,77,91,77,146
235,コータス,ひのこ,どろかけ,スモッグ,ドわすれ,ヤタピのみ,ずぶとい,ぼうぎょ/とくこう,132,82,195,123,77,27
236,ブーピッグ,サイケこうせん,くさむすび,みらいよち,あやしいひかり,ヤタピのみ,おだやか,とくこう/とくぼう,142,46,72,128,162,87
237,ピクシー,ゆびをふる,かげぶんしん,リフレクター,このゆびとまれ,カゴのみ,てれや,ぼうぎょ/とくぼう,157,77,111,92,128,67
238,キングラー,バブルこうせん,はさむ,かたくなる,どろあそび,ソクノのみ,れいせい,ぼうぎょ/とくこう,117,137,153,96,57,73
239,ノクタス,タネマシンガン,だましうち,まきびし,ねをはる,ヨプのみ,いじっぱり,HP/こうげき,163,168,67,109,67,62
240,キレイハナ,マジカルリーフ,ようかいえき,くすぐる,しびれごな,ヤタピのみ,ひかえめ,HP/とくこう,168,78,38,140,107,57
241,オクタン,オクタンほう,こごえるかぜ,でんじは,きあいだめ,ソクノのみ,ひかえめ,HP/とくこう,168,100,82,157,82,52
242,ハンテール,みずのはどう,かみつく,いやなおと,あまごい,しんぴのしずく,きまぐれ,こうげき/ぼうぎょ,117,142,143,101,82,59
243,サクラビス,みずのはどう,ねんりき,あまごい,アクアリング,さざなみのおこう,ずぶとい,HP/ぼうぎょ,148,81,157,121,82,59
244,ジーランス,みずのはどう,がんせきふうじ,どろあそび,かたくなる,さざなみのおこう,のんき,ぼうぎょ/とくこう,162,97,184,83,72,55
245,エレブー,でんげきは,スピードスター,でんじは,ひかりのかべ,サンのみ,おくびょう,とくこう/すばやさ,127,81,64,133,92,157
246,ブーバー,ほのおのパンチ,マッハパンチ,えんまく,おにび,サンのみ,ようき,こうげき/すばやさ,127,133,64,96,92,144
247,オムスター,みずでっぽう,ころがる,からにこもる,まきびし,メトロノーム,ゆうかん,こうげき/ぼうぎょ,132,107,163,122,77,55
248,カブトプス,アクアジェット,がんせきふうじ,かたくなる,きんぞくおん,うしおのおこう,わんぱく,こうげき/ぼうぎょ,122,153,157,64,77,87
249,ストライク,れんぞくぎり,つばさでうつ,ひかりのかべ,にらみつける,メトロノーム,ようき,HP/すばやさ,163,117,87,55,87,157
250,パルシェン,オーロラビーム,みずのはどう,まきびし,ちょうおんぱ,とけないこおり,ずぶとい,ぼうぎょ/とくこう,112,91,239,123,52,77
251,フシギソウ,ギガドレイン,ヘドロばくだん,ねむりごな,やどりぎのタネ,おおきなねっこ,ひかえめ,とくこう/とくぼう,124,63,72,132,120,69
252,リザード,かえんほうしゃ,シャドークロー,つばめがえし,えんまく,するどいツメ,てれや,こうげき/すばやさ,122,104,67,89,74,120
253,カメール,なみのり,れいとうビーム,かわらわり,ねこだまし,かいがらのすず,まじめ,HP/とくこう,154,72,89,105,89,67
254,ベイリーフ,ギガドレイン,のしかかり,くさぶえ,ねむる,カゴのみ,すなお,ぼうぎょ/とくこう/とくぼう,124,71,110,93,110,69
255,マグマラシ,かえんほうしゃ,ブレイククロー,でんこうせっか,えんまく,きあいのハチマキ,まじめ,こうげき/とくこう,122,104,67,120,74,89
256,アリゲイツ,アクアテール,かみくだく,いわなだれ,こわいかお,きあいのハチマキ,いじっぱり,こうげき/ぼうぎょ,129,132,120,61,72,67
257,ジュプトル,リーフブレード,いわなだれ,かみくだく,いやなおと,バコウのみ,いじっぱり,こうげき/すばやさ,114,115,54,84,74,135
258,ワカシャモ,かえんほうしゃ,スカイアッパー,きりさく,すなかけ,ピントレンズ,すなお,こうげき/とくこう,124,125,69,125,69,64
259,ヌマクロー,だくりゅう,じしん,げんしのちから,まもる,キーのみ,れいせい,こうげき/とくこう,134,125,79,110,79,53
260,ハヤシガメ,タネばくだん,かみくだく,のろい,こうごうせい,オッカのみ,ゆうかん,こうげき/ぼうぎょ,139,141,125,64,74,40
261,モウカザル,ブレイズキック,かわらわり,いわなだれ,いちゃもん,ピントレンズ,いじっぱり,こうげき/すばやさ,128,129,61,78,61,121
262,ポッタイシ,なみのり,ドリルくちばし,メタルクロー,あまごい,きあいのハチマキ,てれや,こうげき/とくこう,128,106,77,121,85,59
263,ウソッキー,ストーンエッジ,じしん,ものまね,じばく,いのちのたま,いじっぱり,こうげき/ぼうぎょ,134,154,155,35,74,39
264,マグカルゴ,オーバーヒート,いわなだれ,じしん,のしかかり,せんせいのツメ,れいせい,こうげき/とくこう,114,90,129,132,89,35
265,サナギラス,じしん,いわなだれ,かみくだく,こわいかお,やわらかいすな,いじっぱり,HP/こうげき,165,136,79,66,79,60
266,トドグラー,れいとうビーム,なみのり,シグナルビーム,あられ,カゴのみ,れいせい,HP/とくこう,185,69,79,126,79,48
267,ビーダル,ひっさつまえば,いかりのまえば,ついばむ,メロメロ,かいがらのすず,いじっぱり,HP/こうげき,174,137,69,57,69,80
268,ガバイト,ドラゴンクロー,じしん,きりさく,すなあらし,ちからのハチマキ,いじっぱり,こうげき/すばやさ,132,143,74,53,64,122
269,ゴーリキー,クロスチョップ,からげんき,いわなだれ,カウンター,ピントレンズ,いじっぱり,HP/こうげき,175,154,79,53,69,54
270,ラッタ,いかりのまえば,ひっさつまえば,シャドーボール,こわいかお,ヨプのみ,てれや,こうげき/とくこう/すばやさ,119,111,69,80,79,127
271,アメモース,むしのさざめき,エアスラッシュ,シャドーボール,しびれごな,ヤタピのみ,れいせい,とくこう/とくぼう,134,69,71,132,122,62
272,オオタチ,やつあたり,シャドークロー,トリック,ねこのて,こだわりハチマキ,いじっぱり,こうげき/すばやさ,149,127,73,48,64,130
273,ルクシオ,１０まんボルト,シグナルビーム,スピードスター,でんじは,ヤタピのみ,ひかえめ,HP/とくこう,155,84,58,110,58,69
274,チェリム,ソーラービーム,やどりぎのタネ,にほんばれ,こうごうせい,パワフルハーブ,ひかえめ,HP/とくこう,165,62,79,139,87,94
275,ハクリュー,りゅうのはどう,アクアテール,たたきつける,りゅうのまい,ハバンのみ,きまぐれ,こうげき/とくこう,125,124,74,110,79,79
276,グラエナ,かみくだく,とっしん,ふいうち,とおぼえ,ヨプのみ,いじっぱり,こうげき/ぼうぎょ,134,143,110,62,69,79
277,マッスグマ,やつあたり,シャドークロー,あなをほる,すりかえ,こだわりスカーフ,ようき,こうげき/すばやさ,142,110,70,53,70,154
278,ユンゲラー,サイコキネシス,シャドーボール,でんげきは,リフレクター,クラボのみ,ひかえめ,とくこう/すばやさ,104,39,39,176,79,145
279,コモルー,ドラゴンクロー,かみくだく,りゅうのまい,こわいかお,きあいのハチマキ,いじっぱり,こうげき/ぼうぎょ,129,148,140,62,59,59
280,メタング,コメットパンチ,しねんのずつき,バレットパンチ,こわいかお,シュカのみ,いじっぱり,HP/こうげき,155,126,109,57,89,59
281,ミノマダム,ギガドレイン,シグナルビーム,サイコキネシス,メロメロ,バコウのみ,ひかえめ,ぼうぎょ/とくこう,124,61,125,130,114,45
282,ガーメイル,むしのさざめき,エアスラッシュ,サイコキネシス,どくのこな,バコウのみ,ひかえめ,HP/とくこう,165,92,59,147,59,75
283,プクリン,ハイパーボイス,シャドーボール,うたう,ゆめくい,オボンのみ,ひかえめ,HP/とくこう,235,71,54,126,59,54
284,キマワリ,ギガドレイン,ヘドロばくだん,くさぶえ,かげぶんしん,オボンのみ,ひかえめ,HP/とくこう,170,75,64,159,94,39
285,チリーン,サイコキネシス,シャドーボール,さいみんじゅつ,ゆめくい,まがったスプーン,れいせい,HP/とくこう,160,59,79,148,89,66
286,グライガー,じしん,つばめがえし,アクアテール,すなあらし,せんせいのツメ,いじっぱり,こうげき/すばやさ,129,126,114,39,74,125
287,ハリーセン,アクアテール,どくづき,リベンジ,みちづれ,きあいのハチマキ,いじっぱり,こうげき/ぼうぎょ,129,148,115,57,64,94
288,ニューラ,れいとうパンチ,だましうち,ブレイククロー,うらみ,おうじゃのしるし,ようき,こうげき/すばやさ,119,135,64,39,84,170
289,オオスバメ,からげんき,つばめがえし,なきごえ,とんぼがえり,どくどくだま,いじっぱり,こうげき/すばやさ,124,137,69,53,59,165
290,ペリッパー,なみのり,エアカッター,れいとうビーム,おいかぜ,かいがらのすず,ひかえめ,ぼうぎょ/とくこう,124,53,140,137,79,74
291,コドラ,アイアンヘッド,いわなだれ,じしん,ほえる,オボンのみ,わんぱく,こうげき/ぼうぎょ,124,130,198,53,59,49
292,モンジャラ,ギガドレイン,ヘドロばくだん,しぼりとる,ねをはる,モモンのみ,ずぶとい,ぼうぎょ/とくこう,129,57,170,140,49,69
293,ムウマ,シャドーボール,サイコキネシス,でんじは,あやしいひかり,カシブのみ,ひかえめ,とくこう/すばやさ,124,62,69,137,94,125
294,アーボック,ヘドロばくだん,どろばくだん,かみくだく,へびにらみ,ウタンのみ,きまぐれ,こうげき/とくこう,124,125,78,105,88,89
295,ペルシアン,きりさく,シャドークロー,かみつく,ねこだまし,するどいツメ,いじっぱり,こうげき/すばやさ,129,121,69,66,74,155
296,シードラ,なみのり,れいとうビーム,たつまき,えんまく,かいがらのすず,ひかえめ,ぼうぎょ/とくこう,119,66,135,148,54,94
297,ヤルキモノ,ブレイククロー,シャドークロー,きしかいせい,こらえる,カムラのみ,いじっぱり,こうげき/すばやさ,144,132,89,57,64,130
298,ルナトーン,サイコキネシス,げんしのちから,シャドーボール,コスモパワー,イトケのみ,ひかえめ,とくこう/とくぼう,134,57,74,148,125,79
299,ソルロック,しねんのずつき,いわなだれ,おにび,コスモパワー,イトケのみ,いじっぱり,こうげき/ぼうぎょ,134,148,125,57,74,79
300,カクレオン,やつあたり,シャドークロー,つばめがえし,トリック,こだわりスカーフ,しんちょう,こうげき/とくぼう,124,130,79,62,176,49
301,ロトム,ほうでん,あやしいかぜ,でんじは,かげぶんしん,じしゃく,ひかえめ,とくこう/すばやさ,114,53,86,148,86,131
302,オニドリル,ドリルくちばし,やつあたり,だましうち,とんぼがえり,クラボのみ,いじっぱり,こうげき/すばやさ,129,143,74,63,70,140
303,ヨルノズク,エアスラッシュ,スピードスター,サイコキネシス,リフレクター,キーのみ,れいせい,HP/とくこう,195,59,59,127,105,71
304,サンドパン,じしん,いわなだれ,ブレイククロー,すなあらし,せんせいのツメ,いじっぱり,こうげき/ぼうぎょ,139,154,150,48,64,74
305,モルフォン,むしのさざめき,ヘドロばくだん,サイコキネシス,ちょうおんぱ,ぎんのこな,ひかえめ,とくこう/すばやさ,134,66,69,143,84,130
306,ラッキー,タマゴばくだん,きあいパンチ,うたう,タマゴうみ,ラッキーパンチ,わんぱく,HP/とくぼう,345,14,15,39,145,59
307,アズマオウ,アクアテール,どくづき,からげんき,アクアリング,せんせいのツメ,いじっぱり,HP/こうげき,175,145,74,66,89,77
308,ワタッコ,タネばくだん,とびはねる,ねむりごな,こうごうせい,オボンのみ,いじっぱり,こうげき/すばやさ,139,104,79,57,94,150
309,イノムー,こおりのキバ,じしん,ストーンエッジ,のろい,ちからのハチマキ,いじっぱり,HP/こうげき,195,154,89,62,69,59
310,ブニャット,のしかかり,シャドークロー,メロメロ,ねこだまし,チイラのみ,いじっぱり,こうげき/すばやさ,135,134,73,65,68,152
311,マスキッパ,タネばくだん,しぼりとる,かみくだく,ねをはる,オッカのみ,いじっぱり,HP/こうげき,169,154,81,89,81,55
312,ゴルバット,どくどくのキバ,つばめがえし,しねんのずつき,あやしいひかり,くろいヘドロ,いじっぱり,こうげき/すばやさ,139,132,79,66,84,130
313,オコリザル,クロスチョップ,じしん,いわなだれ,いばる,たつじんのおび,いじっぱり,こうげき/すばやさ,129,159,69,32,79,135
314,サワムラー,とびひざげり,ブレイズキック,メガトンキック,こらえる,カムラのみ,いじっぱり,こうげき/とくぼう/すばやさ,114,165,32,39,140,117
315,エビワラー,スカイアッパー,メガトンパンチ,バレットパンチ,カウンター,おうじゃのしるし,いじっぱり,こうげき/とくぼう/すばやさ,114,148,88,39,140,106
316,キリンリキ,しねんのずつき,ダブルアタック,かみくだく,でんじは,するどいツメ,いじっぱり,こうげき/すばやさ,134,132,74,89,74,125
317,カポエラー,トリプルキック,バレットパンチ,つばめがえし,カウンター,ちからのハチマキ,いじっぱり,HP/こうげき,145,148,109,39,119,79
318,ジュペッタ,シャドークロー,だましうち,おにび,トリックルーム,ナモのみ,いじっぱり,HP/こうげき,159,170,74,82,72,74
319,サマヨール,シャドーパンチ,しっぺがえし,かわらわり,あやしいひかり,ナモのみ,わんぱく,HP/ぼうぎょ/とくぼう,125,79,176,62,160,34
320,テッカニン,シザークロス,つばめがえし,つじぎり,バトンタッチ,するどいキバ,いじっぱり,HP/こうげき,156,143,54,53,59,169
321,ザングース,ブレイククロー,シャドークロー,つばめがえし,ちょうはつ,するどいツメ,いじっぱり,こうげき/すばやさ,137,170,69,62,69,130
322,ハブネーク,ヘドロばくだん,かみくだく,アクアテール,いばる,くろいヘドロ,いじっぱり,HP/こうげき,168,154,39,98,69,74
323,ドードリオ,ドリルくちばし,やつあたり,だましうち,つぼをつく,おうじゃのしるし,ようき,こうげき/すばやさ,124,150,79,62,69,154
324,サメハダー,かみくだく,たきのぼり,こおりのキバ,いばる,ソクノのみ,いじっぱり,こうげき/すばやさ,134,176,49,93,49,135
325,バクーダ,だいちのちから,ふんか,げんしのちから,すなあらし,せんせいのツメ,ひかえめ,HP/とくこう,165,98,79,159,84,49
326,トロピウス,ギガドレイン,エアスラッシュ,こうごうせい,にほんばれ,オッカのみ,ひかえめ,HP/とくこう,194,69,92,123,96,60
327,ネオラント,なみのり,ぎんいろのかぜ,メロメロ,アクアリング,かいがらのすず,ひかえめ,とくこう/すばやさ,133,70,85,119,95,131
328,レアコイル,１０まんボルト,ミラーショット,でんじは,でんじふゆう,シュカのみ,ひかえめ,ぼうぎょ/とくこう,114,62,135,176,79,79
329,マンタイン,なみのり,エアカッター,れいとうビーム,あやしいひかり,かいがらのすず,ひかえめ,とくこう/とくぼう,129,44,79,132,180,79
330,オドシシ,やつあたり,しねんのずつき,でんじは,あやしいひかり,ヨプのみ,いじっぱり,こうげき/すばやさ,137,148,71,84,74,125
331,マルノーム,ヘドロばくだん,シャドーボール,ギガドレイン,あくび,くろいヘドロ,ひかえめ,HP/とくこう,195,73,92,124,92,64
332,シザリガー,クラブハンマー,かみくだく,シザークロス,つるぎのまい,せんせいのツメ,いじっぱり,こうげき/ぼうぎょ,127,176,125,89,64,64
333,ピジョット,おんがえし,つばめがえし,はがねのつばさ,とんぼがえり,するどいツメ,いじっぱり,こうげき/すばやさ,147,132,84,71,79,131
334,ネイティオ,サイコキネシス,エアカッター,あやしいかぜ,あやしいひかり,ナモのみ,ひかえめ,とくこう/すばやさ,129,75,79,148,79,135
335,コータス,ねっぷう,ソーラービーム,だいちのちから,にほんばれ,せんせいのツメ,ずぶとい,ぼうぎょ/とくこう,134,84,198,125,79,29
336,ブーピッグ,サイコキネシス,パワージェム,チャージビーム,ミラーコート,ナモのみ,おだやか,とくこう/とくぼう,144,48,74,130,165,89
337,ピクシー,おんがえし,コメットパンチ,しねんのずつき,うたう,きあいのハチマキ,いじっぱり,HP/こうげき,190,121,82,84,99,69
338,キングラー,クラブハンマー,ハサミギロチン,じたばた,こらえる,カムラのみ,ようき,こうげき/すばやさ,119,170,124,53,59,126
339,ノクタス,ギガドレイン,あくのはどう,ようかいえき,わたほうし,かいがらのすず,ひかえめ,HP/とくこう,165,111,69,170,69,64
340,キレイハナ,ソーラービーム,ヘドロばくだん,にほんばれ,こうごうせい,ひかりのこな,ひかえめ,HP/とくこう,170,80,94,143,109,59
341,オクタン,オクタンほう,かえんほうしゃ,サイコキネシス,でんじは,いのちのたま,ひかえめ,HP/とくこう,170,102,84,159,84,54
342,ハンテール,アクアテール,かみくだく,こおりのキバ,あまごい,かいがらのすず,いじっぱり,こうげき/ぼうぎょ,119,158,145,92,84,61
343,サクラビス,なみのり,サイコキネシス,れいとうビーム,あまごい,かいがらのすず,ひかえめ,ぼうぎょ/とくこう,119,83,145,169,84,61
344,ジーランス,アクアテール,いわなだれ,ねむる,あくび,カゴのみ,わんぱく,こうげき/ぼうぎょ,164,130,187,48,74,64
345,エレブー,１０まんボルト,サイコキネシス,きあいだま,でんじは,ひかりのこな,ひかえめ,とくこう/すばやさ,129,82,66,148,94,145
346,ブーバー,かえんほうしゃ,サイコキネシス,きあいだま,あやしいひかり,のんきのおこう,ひかえめ,とくこう/すばやさ,129,93,66,154,94,133
347,オムスター,なみのり,ストーンエッジ,れいとうビーム,どくびし,オボンのみ,ひかえめ,ぼうぎょ/とくこう,134,62,165,170,79,64
348,カブトプス,たきのぼり,いわなだれ,きりさく,つるぎのまい,するどいツメ,いじっぱり,こうげき/ぼうぎょ,124,170,145,66,79,89
349,ストライク,シザークロス,つばめがえし,つじぎり,つるぎのまい,ひかりのこな,いじっぱり,こうげき/すばやさ,134,165,89,57,89,145
350,パルシェン,ゆきなだれ,ダイビング,どくどく,まもる,たべのこし,わんぱく,こうげき/ぼうぎょ,114,135,242,84,54,79
351,フシギバナ,リーフストーム,ヘドロばくだん,ドわすれ,ねむりごな,しろいハーブ,ひかえめ,とくこう/とくぼう,146,83,94,156,142,91
352,リザードン,かえんほうしゃ,エアスラッシュ,えんまく,こわいかお,ヤタピのみ,ひかえめ,とくこう/すばやさ,144,85,89,166,96,142
353,カメックス,ハイドロポンプ,シグナルビーム,こごえるかぜ,ミラーコート,しんぴのしずく,ひかえめ,ぼうぎょ/とくこう/とくぼう,145,84,132,128,137,89
354,メガニウム,ソーラービーム,げんしのちから,こうごうせい,にほんばれ,あついいわ,ひかえめ,ぼうぎょ/とくぼう,146,83,142,103,142,91
355,バクフーン,ほのおのパンチ,かみなりパンチ,シャドークロー,でんこうせっか,ピントレンズ,いじっぱり,こうげき/すばやさ,144,138,89,108,96,142
356,オーダイル,たきのぼり,こおりのキバ,いわなだれ,こわいかお,おうじゃのしるし,いじっぱり,こうげき/ぼうぎょ,151,161,142,81,94,89
357,ジュカイン,リーフブレード,かみくだく,でんこうせっか,いやなおと,チイラのみ,ようき,こうげき/すばやさ,136,127,76,104,96,178
358,バシャーモ,ブレイズキック,きしかいせい,つばめがえし,こらえる,カムラのみ,いじっぱり,こうげき/すばやさ,146,178,81,108,81,122
359,ラグラージ,たきのぼり,じしん,れいとうパンチ,まもる,かいがらのすず,いじっぱり,HP/こうげき,197,167,101,86,101,71
360,ドダイトス,じしん,くさむすび,いわなだれ,のろい,ヤチェのみ,いじっぱり,HP/こうげき,192,166,116,77,96,67
361,ゴウカザル,インファイト,ほのおのパンチ,とんぼがえり,ねこだまし,バコウのみ,ようき,こうげき/すばやさ,142,146,82,103,82,165
362,エンペルト,たきのぼり,メタルクロー,かわらわり,はたきおとす,するどいツメ,いじっぱり,こうげき/とくぼう,150,140,99,109,143,71
363,ダグトリオ,じしん,いわなだれ,おどろかす,すなじごく,ねばりのかぎづめ,ようき,こうげき/すばやさ,101,122,61,54,81,178
364,ガラガラ,ボーンラッシュ,かわらわり,アイアンテール,すなあらし,するどいツメ,いじっぱり,こうげき/ぼうぎょ,126,134,152,54,91,56
365,チャーレム,しねんのずつき,きしかいせい,こらえる,ねこだまし,カムラのみ,ようき,こうげき/すばやさ,126,102,86,63,86,134
366,ヌオー,じしん,アクアテール,かわらわり,カウンター,リンドのみ,いじっぱり,HP/こうげき,192,139,96,68,76,46
367,グランブル,おんがえし,いわなだれ,かみくだく,でんじは,するどいツメ,いじっぱり,HP/こうげき,187,178,86,63,71,56
368,ルージュラ,サイコキネシス,れいとうビーム,あくまのキッス,うそなき,カゴのみ,おだやか,とくこう/とくぼう,131,54,46,157,150,106
369,バリヤード,サイコキネシス,シグナルビーム,まねっこ,ものまね,クラボのみ,おだやか,とくこう/とくぼう,106,50,76,142,178,101
370,ランターン,なみのり,ほうでん,でんじは,アクアリング,リンドのみ,ひかえめ,HP/とくこう,222,62,69,129,87,78
371,キノガッサ,タネばくだん,スカイアッパー,いわなだれ,カウンター,きあいのタスキ,わんぱく,こうげき/ぼうぎょ,126,172,134,63,71,81
372,フォレトス,ジャイロボール,むしくい,リベンジ,カウンター,オッカのみ,ゆうかん,こうげき/ぼうぎょ,141,145,182,71,71,45
373,エアームド,ドリルくちばし,はがねのつばさ,まきびし,ほえる,オッカのみ,わんぱく,こうげき/ぼうぎょ,131,122,200,45,81,81
374,アブソル,ふいうち,からげんき,かげぶんしん,ちょうはつ,ヨプのみ,ようき,こうげき/すばやさ,131,172,71,77,71,128
375,ナマズン,なみのり,だいちのちから,こごえるかぜ,ドわすれ,かいがらのすず,ひかえめ,HP/とくこう,207,80,84,129,82,71
376,ハリテヤマ,つっぱり,じしん,からげんき,ねこだまし,キーのみ,いじっぱり,HP/こうげき,241,178,71,45,71,61
377,ビークイン,ぎんいろのかぜ,エアカッター,あやしいかぜ,いばる,ピントレンズ,ひかえめ,ぼうぎょ/とくぼう,136,81,144,100,144,51
378,ライチュウ,かみなりパンチ,アイアンテール,たたきつける,でんこうせっか,こうかくレンズ,いじっぱり,こうげき/すばやさ,126,145,66,90,91,142
379,ジュゴン,たきのぼり,ゆきなだれ,ずつき,ねこだまし,するどいキバ,しんちょう,こうげき/とくぼう,156,112,91,72,150,81
380,ライボルト,かみなりのキバ,かみくだく,ほえる,でんじは,シュカのみ,いじっぱり,こうげき/すばやさ,136,128,71,104,71,147
381,ムクホーク,おんがえし,つばめがえし,かげぶんしん,はねやすめ,おうじゃのしるし,ようき,こうげき/すばやさ,151,162,81,54,61,156
382,トリトドン,たきのぼり,じしん,じこさいせい,ミラーコート,きあいのタスキ,しんちょう,HP/とくぼう,208,94,79,92,136,50
383,スカタンク,ふいうち,どくづき,きりさく,いやなおと,するどいツメ,いじっぱり,HP/こうげき,200,148,78,73,72,95
384,ラフレシア,ギガドレイン,ヘドロばくだん,ねむりごな,ねをはる,おおきなねっこ,ひかえめ,ぼうぎょ/とくこう,141,81,127,156,101,61
385,ウツボット,リーフストーム,ヘドロばくだん,ねむりごな,いえき,ウタンのみ,ひかえめ,HP/とくこう,177,104,76,156,71,81
386,マルマイン,１０まんボルト,スピードスター,でんじは,ひかりのかべ,カゴのみ,ひかえめ,とくこう/すばやさ,126,54,81,134,91,182
387,ルンパッパ,たきのぼり,はっぱカッター,ドレインパンチ,つるぎのまい,ちからのハチマキ,いじっぱり,こうげき/とくぼう,146,123,81,90,142,81
388,ダーテング,タネばくだん,だましうち,シザークロス,ねこだまし,キーのみ,ようき,こうげき/すばやさ,156,142,71,90,71,134
389,バクオング,ハイパーボイス,じんつうりき,みずのはどう,いちゃもん,ヨプのみ,ひかえめ,HP/とくこう,201,91,74,146,74,79
390,オニゴーリ,ゆきなだれ,しっぺがえし,ジャイロボール,こおりのつぶて,くろいてっきゅう,ゆうかん,HP/ぼうぎょ/とくぼう,167,100,112,91,112,81
391,ミミロップ,おんがえし,ドレインパンチ,あまえる,ミラーコート,きあいのハチマキ,ようき,こうげき/すばやさ,131,118,95,58,107,161
392,ユキメノコ,れいとうビーム,あやしいかぜ,あやしいひかり,メロメロ,クラボのみ,おくびょう,とくこう/すばやさ,136,81,81,122,81,167
393,エテボース,ダブルアタック,シャドークロー,かわらわり,はたきおとす,ちからのハチマキ,ようき,こうげき/すばやさ,141,142,77,63,77,172
394,スリーパー,サイコカッター,なげつける,さいみんじゅつ,トリックルーム,くろいてっきゅう,ゆうかん,こうげき/とくぼう,151,126,81,84,157,70
395,ゴローニャ,じしん,いわなだれ,ふいうち,すなあらし,きあいのハチマキ,わんぱく,こうげき/ぼうぎょ,146,152,189,59,76,56
396,サイドン,じしん,いわなだれ,かみくだく,こわいかお,イトケのみ,いじっぱり,こうげき/ぼうぎょ,171,189,162,50,56,51
397,ヤドラン,サイコキネシス,なみのり,めいそう,あくび,カゴのみ,ずぶとい,ぼうぎょ/とくこう,161,77,167,142,91,41
398,マタドガス,ヘドロばくだん,あくのはどう,でんげきは,おんねん,ウタンのみ,ずぶとい,ぼうぎょ/とくこう,131,90,178,127,81,71
399,ガルーラ,すてみタックル,かみくだく,きしかいせい,こらえる,カムラのみ,ようき,こうげき/すばやさ,171,137,91,45,91,145
400,ケンタロス,あばれる,しねんのずつき,おいうち,こわいかお,キーのみ,ようき,こうげき/すばやさ,141,142,106,45,81,167
401,フーディン,サイコキネシス,シャドーボール,めいそう,みらいよち,ひかりのこな,おくびょう,とくこう/すばやさ,121,54,56,177,96,178
402,ヤドキング,サイコキネシス,しおみず,あくび,トリックルーム,かいがらのすず,れいせい,HP/ぼうぎょ/とくぼう,182,86,112,122,142,36
403,ミルタンク,おんがえし,アイアンヘッド,でんじは,ミルクのみ,クラボのみ,わんぱく,こうげき/ぼうぎょ,161,122,161,45,81,111
404,チルタリス,ドラゴンクロー,つばめがえし,りゅうのまい,ねむる,カゴのみ,しんちょう,こうげき/とくぼう,141,112,101,72,161,91
405,ドクロッグ,どくづき,かわらわり,シザークロス,はたきおとす,くろいヘドロ,いじっぱり,こうげき/すばやさ,149,162,76,87,76,127
406,ユキノオー,ギガドレイン,れいとうビーム,みずのはどう,くさぶえ,ラムのみ,おだやか,HP/とくこう,187,92,86,134,105,71
407,ニドクイン,じしん,どくどくのキバ,つばめがえし,あまえる,ウタンのみ,いじっぱり,HP/こうげき,187,136,98,77,96,87
408,ニドキング,じしん,どくづき,にどげり,カウンター,きあいのハチマキ,わんぱく,HP/こうげき,178,134,96,86,86,96
409,ユレイドル,げんしのちから,エナジーボール,あやしいひかり,すなあらし,するどいツメ,わんぱく,HP/ぼうぎょ/とくぼう,178,92,141,82,139,54
410,アーマルド,シザークロス,いわなだれ,じしん,てっぺき,するどいツメ,いじっぱり,こうげき/とくぼう,141,183,111,72,122,56
411,トリデプス,アイアンヘッド,ストーンエッジ,いばる,ちょうはつ,きあいのハチマキ,わんぱく,ぼうぎょ/とくぼう,126,63,231,52,180,41
412,フローゼル,たきのぼり,れいとうパンチ,でんこうせっか,あまごい,オボンのみ,ようき,こうげき/すばやさ,151,147,66,86,61,172
413,ムウマージ,シャドーボール,パワージェム,マジカルリーフ,おきみやげ,カシブのみ,ひかえめ,とくこう/すばやさ,126,63,71,161,116,147
414,フワライド,あやしいかぜ,エアカッター,バトンタッチ,こらえる,カムラのみ,ひかえめ,HP/とくこう,247,81,55,145,65,91
415,ゴルダック,なみのり,サイコキネシス,あやしいひかり,めいそう,リンドのみ,ひかえめ,HP/とくこう,177,83,89,150,91,96
416,ニョロボン,なみのり,しんくうは,サイコキネシス,かげぶんしん,リンドのみ,ひかえめ,HP/とくこう,187,86,106,123,101,81
417,ギャロップ,だいもんじ,ソーラービーム,にほんばれ,ねむる,カゴのみ,ひかえめ,とくこう/すばやさ,131,99,81,134,91,147
418,ベトベトン,どくづき,かげうち,ちいさくなる,とける,くろいヘドロ,いじっぱり,HP/こうげき,202,161,86,68,111,61
419,ゲンガー,シャドーボール,ヘドロばくだん,うらみ,あやしいひかり,ウタンのみ,おくびょう,とくこう/すばやさ,126,68,71,172,86,167
420,デンリュウ,１０まんボルト,パワージェム,ひかりのかべ,でんじは,シュカのみ,ひかえめ,とくこう/とくぼう,156,77,86,172,132,66
421,ニョロトノ,なみのり,ハイパーボイス,どろばくだん,いばる,のんきのおこう,おだやか,とくこう/とくぼう,156,77,86,132,156,81
422,カイロス,シザークロス,じしん,いわなだれ,つるぎのまい,バコウのみ,いじっぱり,こうげき/ぼうぎょ,131,183,142,59,91,76
423,ハッサム,シザークロス,バレットパンチ,つるぎのまい,バトンタッチ,ひかりのこな,わんぱく,こうげき/ぼうぎょ,136,172,156,59,91,76
424,ヘラクロス,メガホーン,きあいパンチ,いばる,メロメロ,きあいのハチマキ,ようき,こうげき/すばやさ,146,167,86,45,106,139
425,リングマ,きりさく,しっぺがえし,ゆきなだれ,カウンター,きあいのタスキ,ゆうかん,HP/こうげき,187,189,86,86,86,59
426,ヘルガー,ほのおのキバ,かみくだく,ほえる,カウンター,きあいのタスキ,ようき,こうげき/すばやさ,141,132,61,108,91,150
427,ドンファン,じしん,いわなだれ,どくづき,すなあらし,するどいツメ,わんぱく,こうげき/ぼうぎょ,156,162,178,63,71,61
428,ホエルオー,なみのり,れいとうビーム,メロメロ,かげぶんしん,オボンのみ,ひかえめ,HP/とくこう,267,90,56,145,56,71
429,ネンドール,じしん,しねんのずつき,くさむすび,トリックルーム,カシブのみ,ゆうかん,ぼうぎょ/とくぼう,126,89,147,81,132,77
430,ラムパルド,いわなだれ,からげんき,かみくだく,いやなおと,どくどくだま,いじっぱり,HP/こうげき,194,227,71,68,61,69
431,ドータクン,じんつうりき,アイアンヘッド,いわなだれ,トリックルーム,おうじゃのしるし,わんぱく,ぼうぎょ/とくぼう,133,100,173,81,158,44
432,ドラピオン,どくづき,かみくだく,アクアテール,つぼをつく,ラムのみ,いじっぱり,こうげき/ぼうぎょ,136,145,152,63,86,106
433,レントラー,かみなりのキバ,かみくだく,とおぼえ,じゅうでん,するどいツメ,いじっぱり,HP/こうげき,177,178,90,95,90,81
434,キュウコン,だいもんじ,ソーラービーム,メロメロ,にほんばれ,ひかりのこな,おくびょう,とくこう/すばやさ,139,78,86,123,111,156
435,カイリキー,クロスチョップ,じしん,バレットパンチ,みやぶる,ピントレンズ,いじっぱり,HP/こうげき,187,189,91,68,96,66
436,ツボツボ,ストーンエッジ,むしくい,いばる,パワートリック,のんきのおこう,わんぱく,HP/ぼうぎょ/とくぼう,107,21,288,18,262,16
437,ロズレイド,ヘドロばくだん,マジカルリーフ,しびれごな,どろかけ,バコウのみ,おだやか,とくこう/とくぼう,126,72,66,167,161,101
438,ドンカラス,つじぎり,つばめがえし,いちゃもん,ちょうはつ,ソクノのみ,いじっぱり,HP/こうげき,197,183,63,104,63,82
439,ハガネール,じしん,アイアンヘッド,かみくだく,すなあらし,イトケのみ,わんぱく,こうげき/ぼうぎょ,141,127,266,59,76,41
440,マニューラ,つじぎり,れいとうパンチ,いやなおと,ねこだまし,ヨプのみ,いじっぱり,こうげき/すばやさ,136,178,76,50,96,167
441,グライオン,じしん,つばめがえし,つるぎのまい,バトンタッチ,ヤチェのみ,いじっぱり,こうげき/ぼうぎょ,141,150,167,50,86,106
442,ドククラゲ,なみのり,ヘドロばくだん,こごえるかぜ,バリアー,ソクノのみ,おくびょう,とくこう/すばやさ,146,72,76,122,131,156
443,プテラ,いわなだれ,つばめがえし,いちゃもん,ちょうはつ,おうじゃのしるし,ようき,こうげき/すばやさ,146,147,76,63,86,189
444,ポリゴン２,トライアタック,チャージビーム,でんじは,リサイクル,クラボのみ,ひかえめ,HP/とくこう,182,81,101,161,106,71
445,ベロベルト,おんがえし,じしん,はらだいこ,ねむる,カゴのみ,しんちょう,HP/こうげき,207,127,106,81,116,61
446,メガヤンマ,シグナルビーム,エアカッター,みきり,かげぶんしん,バコウのみ,おくびょう,とくこう/すばやさ,152,78,97,158,67,150
447,サーナイト,サイコキネシス,シャドーボール,でんじは,あやしいひかり,ラムのみ,おだやか,とくこう/とくぼう,134,68,76,167,172,91
448,エルレイド,しねんのずつき,かわらわり,でんじは,あやしいひかり,カシブのみ,しんちょう,こうげき/とくぼう,134,167,76,68,172,91
449,ナッシー,ソーラービーム,サイコキネシス,こうごうせい,にほんばれ,ひかりのこな,ひかえめ,HP/とくこう,192,95,96,183,76,66
450,スターミー,なみのり,サイコキネシス,あやしいひかり,でんじは,ラムのみ,おくびょう,とくこう/すばやさ,126,77,96,142,96,172
451,フライゴン,じしん,ドラゴンクロー,はねやすめ,すなあらし,ヤチェのみ,いじっぱり,こうげき/すばやさ,146,156,91,81,91,142
452,シャワーズ,なみのり,れいとうビーム,とける,バトンタッチ,ひかりのこな,ひかえめ,HP/とくこう,227,68,71,167,106,76
453,サンダース,１０まんボルト,でんじは,こうそくいどう,バトンタッチ,きあいのタスキ,おくびょう,とくこう/すばやさ,131,68,71,152,106,189
454,ブースター,ほのおのキバ,ばかぢから,のろい,バトンタッチ,せんせいのツメ,いじっぱり,こうげき/とくぼう,131,189,71,95,152,76
455,エーフィ,サイコキネシス,リフレクター,めいそう,バトンタッチ,ラムのみ,おくびょう,とくこう/すばやさ,131,68,71,172,106,167
456,ブラッキー,しっぺがえし,あやしいひかり,のろい,バトンタッチ,たべのこし,しんちょう,ぼうぎょ/とくぼう,161,76,152,63,189,76
457,リーフィア,リーフブレード,つばめがえし,かげぶんしん,バトンタッチ,ピントレンズ,ようき,こうげき/すばやさ,131,152,141,63,76,150
458,グレイシア,れいとうビーム,みずのはどう,かげぶんしん,バトンタッチ,のんきのおこう,おだやか,とくこう/とくぼう,131,63,121,172,150,76
459,ルカリオ,はどうだん,ラスターカノン,みずのはどう,ほえる,ひかりのこな,ひかえめ,とくこう/すばやさ,136,108,81,172,81,132
460,カバルドン,じしん,かみくだく,なまける,のろい,キーのみ,わんぱく,こうげき/ぼうぎょ,174,154,176,71,83,58
461,ダイノーズ,げんしのちから,マグネットボム,でんじは,まもる,クラボのみ,ゆうかん,こうげき/とくこう,126,106,156,117,161,45
462,ヨノワール,シャドーパンチ,なげつける,おにび,トリックルーム,くろいてっきゅう,ゆうかん,こうげき/ぼうぎょ,111,156,177,76,146,50
463,ボスゴドラ,アイアンヘッド,いわなだれ,すなあらし,いやなおと,せんせいのツメ,いじっぱり,こうげき/ぼうぎょ,136,167,222,63,71,61
464,トドゼルガ,こおりのキバ,アクアテール,いばる,アンコール,ヨプのみ,いじっぱり,HP/こうげき,207,134,101,95,101,76
465,マンムー,じしん,こおりのキバ,つつく,あられ,つめたいいわ,いじっぱり,HP/こうげき,207,189,91,72,71,91
466,ラプラス,アクアテール,ゆきなだれ,こおりのつぶて,のろい,たべのこし,いじっぱり,HP/こうげき,227,139,91,86,106,71
467,クロバット,クロスポイズン,つばめがえし,はねやすめ,さいみんじゅつ,ウタンのみ,ようき,こうげき/すばやさ,151,132,91,72,91,189
468,ジバコイル,１０まんボルト,ミラーショット,ひかりのかべ,リフレクター,ひかりのねんど,ずぶとい,ぼうぎょ/とくこう,136,72,172,172,101,71
469,ドサイドン,がんせきほう,じしん,かみくだく,ほえる,きあいのハチマキ,いじっぱり,こうげき/ぼうぎょ,181,200,172,59,66,51
470,モジャンボ,エナジーボール,ヘドロばくだん,きあいだま,ねむりごな,バコウのみ,ひかえめ,ぼうぎょ/とくこう,166,99,167,167,61,61
471,ポリゴンＺ,トライアタック,シャドーボール,リサイクル,テクスチャー２,オボンのみ,ひかえめ,HP/とくこう,182,81,81,194,86,101
472,ギャラドス,アクアテール,こおりのキバ,かみつく,あまごい,するどいキバ,しんちょう,こうげき/とくぼう,161,167,90,63,156,92
473,カビゴン,おんがえし,いわなだれ,のろい,あくび,たべのこし,いじっぱり,HP/こうげき,257,167,76,68,121,41
474,キングドラ,なみのり,りゅうのはどう,えんまく,あまごい,するどいキバ,おくびょう,とくこう/すばやさ,141,95,106,137,106,139
475,ハピナス,はかいこうせん,シャドーボール,みずのはどう,うたう,ヨプのみ,ひかえめ,HP/とくこう,352,18,21,128,146,66
476,ミロカロス,なみのり,れいとうビーム,メロメロ,さいみんじゅつ,かいがらのすず,ひかえめ,HP/とくこう,192,63,90,156,136,92
477,エレキブル,かみなりパンチ,クロスチョップ,でんじは,いやなおと,ピントレンズ,ようき,こうげき/すばやさ,141,165,78,95,96,150
478,ブーバーン,だいもんじ,きあいだま,おにび,にほんばれ,あついいわ,ひかえめ,とくこう/すばやさ,141,95,78,183,106,125
479,トゲキッス,ゴッドバード,しんそく,ドレインパンチ,はねやすめ,パワフルハーブ,いじっぱり,こうげき/とくぼう,151,101,106,117,157,91
480,ウインディ,ほのおのキバ,しんそく,かみくだく,おにび,ラムのみ,ようき,こうげき/すばやさ,156,152,91,99,91,150
481,カイリュー,ドラゴンクロー,つばめがえし,でんじは,りゅうのまい,ラムのみ,いじっぱり,こうげき/とくぼう,157,193,121,106,142,64
482,バンギラス,いわなだれ,しっぺがえし,ゆきなだれ,のろい,きあいのハチマキ,ゆうかん,こうげき/とくぼう,166,193,121,106,142,64
483,ボーマンダ,ドラゴンクロー,つばめがえし,アクアテール,こわいかお,クラボのみ,いじっぱり,こうげき/すばやさ,161,194,91,108,91,142
484,メタグロス,しねんのずつき,バレットパンチ,からげんき,ひかりのかべ,ひかりのこな,いじっぱり,こうげき/ぼうぎょ,146,194,172,95,101,81
485,ガブリアス,ドラゴンクロー,じしん,かげぶんしん,すなあらし,ひかりのこな,ようき,こうげき/すばやさ,174,172,106,81,96,158
486,ケッキング,からげんき,シャドークロー,なまける,あくび,のんきのおこう,わんぱく,HP/ぼうぎょ,247,171,156,95,76,111
487,フシギバナ,ギガドレイン,ねをはる,やどりぎのタネ,ねむりごな,おおきなねっこ,ずぶとい,HP/ぼうぎょ/とくぼう,169,85,128,113,134,93
488,リザードン,オーバーヒート,ソーラービーム,おにび,にほんばれ,しろいハーブ,ひかえめ,とくこう/すばやさ,146,87,91,168,98,144
489,カメックス,たきのぼり,きあいパンチ,かげぶんしん,アクアリング,かいがらのすず,いじっぱり,HP/こうげき,178,139,113,88,118,91
490,メガニウム,ギガドレイン,やどりぎのタネ,どくどく,みがわり,おおきなねっこ,おだやか,HP/ぼうぎょ/とくぼう,169,85,134,96,147,93
491,バクフーン,ブラストバーン,じしん,きしかいせい,こらえる,カムラのみ,まじめ,こうげき/とくこう,146,128,91,153,98,113
492,オーダイル,アクアテール,ばかぢから,ドラゴンクロー,シャドークロー,しろいハーブ,いじっぱり,こうげき/ぼうぎょ,153,63,144,82,96,91
493,ジュカイン,ギガドレイン,やどりぎのタネ,どくどく,かげぶんしん,たべのこし,おくびょう,とくこう/すばやさ,138,88,78,149,98,180
494,バシャーモ,ブラストバーン,きあいだま,ソーラービーム,にほんばれ,ひかりのこな,おくびょう,とくこう/すばやさ,148,119,83,154,83,136
495,ラグラージ,アクアテール,じしん,アームハンマー,のろい,ラムのみ,いじっぱり,HP/こうげき,199,169,103,88,103,73
496,ドダイトス,ギガドレイン,やどりぎのタネ,こうごうせい,ドわすれ,たべのこし,なまいき,HP/ぼうぎょ/とくぼう,184,122,139,88,130,62
497,ゴウカザル,ブレイズキック,シャドークロー,かみなりパンチ,ダストシュート,ちからのハチマキ,いじっぱり,こうげき/すばやさ,144,162,84,105,84,152
498,エンペルト,ドリルくちばし,アクアジェット,シャドークロー,いわなだれ,するどいツメ,いじっぱり,こうげき/とくぼう,152,143,101,111,145,73
499,ダグトリオ,だいちのちから,ヘドロばくだん,トライアタック,すなあらし,のんきのおこう,ひかえめ,とくこう/すばやさ,103,83,63,103,83,164
500,ガラガラ,ボーンラッシュ,ほのおのパンチ,かみなりパンチ,いわなだれ,ふといホネ,いじっぱり,こうげき/ぼうぎょ,128,136,154,56,93,58
501,チャーレム,ドレインパンチ,どくづき,みきり,じこさいせい,クラボのみ,ようき,こうげき/すばやさ,128,104,88,65,88,136
502,ヌオー,ダイビング,あくび,のろい,ドわすれ,たべのこし,しんちょう,HP/ぼうぎょ/とくぼう,128,104,88,65,88,136
503,グランブル,からげんき,ほのおのキバ,かみなりのキバ,こおりのキバ,せんせいのツメ,いじっぱり,HP/こうげき,184,98,119,40,108,48
504,ルージュラ,ゆめくい,あくまのキッス,ほろびのうた,くろいまなざし,のんきのおこう,おだやか,とくこう/とくぼう,189,180,88,65,73,58
505,バリヤード,ゆめくい,さいみんじゅつ,ひかりのかべ,リフレクター,ひかりのねんど,おだやか,とくこう/とくぼう,133,56,48,159,152,108
506,ランターン,ダイビング,あやしいひかり,でんじは,メロメロ,ラムのみ,おだやか,HP/とくぼう,108,52,78,144,180,103
507,キノガッサ,ドレインパンチ,ギガドレイン,こうごうせい,やどりぎのタネ,おおきなねっこ,ゆうかん,こうげき/とくこう,224,63,71,89,132,80
508,フォレトス,しっぺがえし,ステルスロック,どくびし,まきびし,オボンのみ,ゆうかん,こうげき/ぼうぎょ,128,191,93,104,73,74
509,エアームド,そらをとぶ,どくどく,かげぶんしん,はねやすめ,たべのこし,しんちょう,HP/ぼうぎょ/とくぼう,154,93,174,47,114,83
510,アブソル,おしおき,いばる,メロメロ,でんじは,せんせいのツメ,いじっぱり,HP/こうげき,164,191,73,79,73,88
511,ナマズン,アクアテール,じしん,いわなだれ,あばれる,キーのみ,いじっぱり,HP/こうげき,209,134,86,80,84,73
512,ハリテヤマ,リベンジ,しっぺがえし,なげつける,ねこだまし,くろいてっきゅう,いじっぱり,HP/こうげき,243,180,73,47,73,63
513,ビークイン,シザークロス,どくどく,かいふくしれい,みちづれ,キーのみ,しんちょう,HP/ぼうぎょ/とくぼう,159,93,136,83,149,53
514,ライチュウ,かみなりパンチ,きあいパンチ,てんしのキッス,でんじは,きあいのハチマキ,ようき,こうげき/すばやさ,128,134,68,92,93,158
515,ジュゴン,れいとうビーム,シグナルビーム,アンコール,かなしばり,ソクノのみ,おだやか,とくこう/とくぼう,158,74,93,114,152,83
516,ライボルト,かみなり,はかいこうせん,でんじは,あまごい,しめったいわ,ひかえめ,とくこう/すばやさ,138,79,73,163,73,149
517,ムクホーク,がむしゃら,つばめがえし,こらえる,でんこうせっか,おうじゃのしるし,ようき,こうげき/すばやさ,153,164,83,56,63,158
518,トリトドン,だくりゅう,どろばくだん,じこさいせい,あくび,フォーカスレンズ,なまいき,とくこう/とくぼう,179,96,81,136,138,46
519,スカタンク,かみくだく,どくどく,いばる,かげぶんしん,カゴのみ,ようき,HP/すばやさ,202,106,80,75,74,140
520,ラフレシア,どくどく,くさむすび,かげぶんしん,メロメロ,くろいヘドロ,ずぶとい,HP/ぼうぎょ/とくぼう,164,83,130,113,124,63
521,ウツボット,タネばくだん,はきだす,のみこむ,たくわえる,くろいヘドロ,いじっぱり,HP/こうげき,179,163,78,101,73,83
522,マルマイン,チャージビーム,でんじは,フラッシュ,いばる,ひかりのこな,おくびょう,とくこう/すばやさ,128,56,83,124,93,202
523,ルンパッパ,やどりぎのタネ,どくどく,かげぶんしん,あまごい,たべのこし,わんぱく,HP/ぼうぎょ/とくぼう,169,83,114,92,134,83
524,ダーテング,ギガドレイン,やどりぎのタネ,かげぶんしん,こうごうせい,たべのこし,おだやか,HP/ぼうぎょ/とくぼう,179,101,94,103,103,93
525,バクオング,からげんき,ほのおのパンチ,かみなりパンチ,れいとうパンチ,いのちのたま,いじっぱり,HP/こうげき,203,148,76,93,76,81
526,オニゴーリ,こおりのキバ,かみくだく,じしん,だいばくはつ,ラムのみ,いじっぱり,HP/こうげき,179,136,93,83,93,93
527,ミミロップ,きあいパンチ,てんしのキッス,メロメロ,でんじは,ひかりのこな,ようき,HP/すばやさ,164,89,97,60,109,163
528,ユキメノコ,れいとうパンチ,ふいうち,いばる,じこあんじ,きあいのハチマキ,いじっぱり,こうげき/すばやさ,138,136,83,83,83,154
529,エテボース,とっておき,でんじは,まもる,ねこだまし,メトロノーム,ようき,こうげき/すばやさ,143,144,79,65,79,174
530,スリーパー,ゆめくい,あくむ,ドレインパンチ,さいみんじゅつ,キーのみ,がんばりや,とくこう/とくぼう,153,86,83,117,159,80
531,ゴローニャ,じしん,ばかぢから,ほのおのパンチ,かみなりパンチ,しろいハーブ,いじっぱり,こうげき/ぼうぎょ,178,169,174,61,78,58
532,サイドン,じしん,ほのおのパンチ,かみなりパンチ,れいとうパンチ,きあいのタスキ,いじっぱり,こうげき/ぼうぎょ,173,191,164,52,58,53
533,ヤドラン,しねんのずつき,アクアテール,じしん,ゆきなだれ,たつじんのおび,いじっぱり,HP/こうげき,194,130,123,101,93,43
534,マタドガス,ダブルアタック,しっぺがえし,どくどく,いばる,オボンのみ,いじっぱり,こうげき/ぼうぎょ,133,147,164,88,83,73
535,ガルーラ,ピヨピヨパンチ,ほのおのパンチ,かみなりパンチ,れいとうパンチ,するどいツメ,いじっぱり,HP/こうげき,204,152,93,47,93,103
536,ケンタロス,からげんき,じしん,いわなだれ,しっぺがえし,いのちのたま,いじっぱり,こうげき/すばやさ,143,158,108,47,83,154
537,フーディン,サイコキネシス,きあいだま,チャージビーム,じこさいせい,ナモのみ,ひかえめ,とくこう/すばやさ,123,56,58,196,98,164
538,ヤドキング,しねんのずつき,アクアテール,じしん,のろい,せんせいのツメ,いじっぱり,HP/こうげき,194,130,93,101,123,43
539,ミルタンク,からげんき,しねんのずつき,きしかいせい,こらえる,カムラのみ,いじっぱり,こうげき/すばやさ,163,136,118,47,83,144
540,チルタリス,りゅうのはどう,あやしいかぜ,うたう,ほろびのうた,かいがらのすず,ひかえめ,とくこう/とくぼう,143,74,103,125,149,93
541,ドクロッグ,ばくれつパンチ,どくづき,かみなりパンチ,れいとうパンチ,こうかくレンズ,いじっぱり,こうげき/すばやさ,151,165,78,89,78,129
542,ユキノオー,ギガドレイン,ぜったいれいど,ねをはる,やどりぎのタネ,おおきなねっこ,ずぶとい,HP/ぼうぎょ/とくぼう,179,94,119,105,119,73
543,ニドクイン,どくづき,ほのおのパンチ,かみなりパンチ,れいとうパンチ,ピントレンズ,いじっぱり,HP/こうげき,189,138,100,79,98,89
544,ニドキング,きあいパンチ,りゅうのはどう,つのドリル,みがわり,ひかりのこな,しんちょう,HP/ぼうぎょ/とくぼう,170,105,111,88,119,98
545,ユレイドル,どくどく,たくわえる,かげぶんしん,ねをはる,たべのこし,わんぱく,HP/ぼうぎょ/とくぼう,175,94,144,84,141,56
546,アーマルド,ブレイククロー,アクアテール,つばめがえし,いばる,ピントレンズ,いじっぱり,こうげき/とくぼう,143,185,113,74,124,58
547,トリデプス,げんしのちから,かえんほうしゃ,１０まんボルト,れいとうビーム,キーのみ,ひかえめ,HP/とくこう,159,58,181,100,151,43
548,フローゼル,たきのぼり,きあいパンチ,かげぶんしん,メロメロ,カゴのみ,ようき,こうげき/すばやさ,153,149,68,88,63,174
549,ムウマージ,シャドーボール,あやしいひかり,ほろびのうた,くろいまなざし,ラムのみ,ひかえめ,とくこう/とくぼう,128,65,73,163,149,118
550,フワライド,しっぺがえし,からげんき,おにび,トリック,くろいヘドロ,いじっぱり,HP/こうげき,249,136,57,92,67,93
551,ゴルダック,たきのぼり,どろばくだん,シャドークロー,つばめがえし,かいがらのすず,いじっぱり,こうげき/すばやさ,148,138,91,97,93,129
552,ニョロボン,たきのぼり,ばくれつパンチ,どくづき,ビルドアップ,のんきのおこう,いじっぱり,HP/こうげき,189,141,108,74,103,83
553,ギャロップ,オーバーヒート,ソーラービーム,スピードスター,にほんばれ,しろいハーブ,ひかえめ,とくこう/すばやさ,133,101,83,136,93,149
554,ベトベトン,どくづき,ほのおのパンチ,かみなりパンチ,れいとうパンチ,たつじんのおび,いじっぱり,HP/こうげき,204,163,88,70,113,63
555,ゲンガー,シャドーボール,ゆめくい,さいみんじゅつ,みがわり,いのちのたま,ひかえめ,とくこう/すばやさ,128,70,73,191,88,154
556,デンリュウ,かみなりパンチ,ほのおのパンチ,きあいパンチ,でんじは,クラボのみ,しんちょう,こうげき/とくぼう,158,119,88,115,147,68
557,ニョロトノ,ダイビング,かわらわり,さいみんじゅつ,ほろびのうた,カゴのみ,わんぱく,HP/こうげき,189,119,96,92,113,83
558,カイロス,シザークロス,リベンジ,じたばた,こらえる,カムラのみ,ようき,こうげき/すばやさ,133,169,113,61,83,141
559,ハッサム,メタルクロー,つじぎり,てっぺき,はねやすめ,オボンのみ,しんちょう,こうげき/とくぼう,138,174,113,62,136,78
560,ヘラクロス,インファイト,つばめがえし,つじぎり,ビルドアップ,ピントレンズ,いじっぱり,こうげき/とくぼう,148,185,88,47,139,98
561,リングマ,アームハンマー,ほのおのパンチ,かみなりパンチ,れいとうパンチ,いのちのたま,いじっぱり,HP/こうげき,189,191,88,79,88,68
562,ヘルガー,ほのおのキバ,かみなりのキバ,きしかいせい,こらえる,きあいのタスキ,ようき,こうげき/すばやさ,143,134,63,110,93,152
563,ドンファン,じしん,ばかぢから,ダストシュート,カウンター,しろいハーブ,いじっぱり,こうげき/ぼうぎょ,158,180,164,65,73,63
564,ホエルオー,うずしお,どくどく,ドわすれ,ねむる,カゴのみ,わんぱく,HP/ぼうぎょ/とくぼう,259,103,86,92,79,73
565,ネンドール,だいちのちから,げんしのちから,シグナルビーム,シャドーボール,リンドのみ,ひかえめ,ぼうぎょ/とくこう,128,74,149,125,133,88
566,ラムパルド,ストーンエッジ,しっぺがえし,ゆきなだれ,なげつける,くろいてっきゅう,ゆうかん,HP/こうげき,196,229,73,78,63,63
567,ドータクン,ゆめくい,さいみんじゅつ,シグナルビーム,トリックルーム,ラムのみ,おだやか,ぼうぎょ/とくぼう,135,91,160,83,176,46
568,ドラピオン,しっぺがえし,どくづき,なげつける,はたきおとす,くろいてっきゅう,いじっぱり,こうげき/ぼうぎょ,138,147,154,65,88,108
569,レントラー,１０まんボルト,シグナルビーム,でんじは,でんじふゆう,ものしりメガネ,ひかえめ,HP/とくこう,179,119,92,152,92,83
570,キュウコン,オーバーヒート,あくのはどう,わるだくみ,あやしいひかり,しろいハーブ,おくびょう,とくこう/すばやさ,141,80,88,125,113,158
571,カイリキー,リベンジ,じしん,しっぺがえし,カウンター,きあいのタスキ,いじっぱり,ぼうぎょ/とくぼう,158,157,124,70,129,68
572,ツボツボ,まきつく,いばる,メロメロ,どくどく,ねばりのかぎづめ,しんちょう,HP/ぼうぎょ/とくぼう,109,23,264,20,290,18
573,ロズレイド,ギガドレイン,やどりぎのタネ,ねをはる,こうごうせい,おおきなねっこ,おだやか,とくこう/とくぼう,128,74,68,169,163,103
574,ドンカラス,ばかぢから,ついばむ,あやしいひかり,でんじは,しろいハーブ,いじっぱり,HP/こうげき,199,185,65,106,65,84
575,ハガネール,じしん,ほのおのキバ,かみなりのキバ,こおりのキバ,シュカのみ,いじっぱり,こうげき/ぼうぎょ,143,141,244,61,78,43
576,マニューラ,つじぎり,メロメロ,かげぶんしん,あられ,ひかりのこな,ようき,こうげき/すばやさ,138,164,78,52,98,185
577,グライオン,じしん,ほのおのキバ,かみなりのキバ,こおりのキバ,するどいキバ,ようき,こうげき/すばやさ,143,139,138,52,88,152
578,ドククラゲ,どくどく,ギガドレイン,メロメロ,あやしいひかり,くろいヘドロ,おだやか,HP/とくぼう,179,74,78,93,180,113
579,プテラ,かみつく,ほのおのキバ,かみなりのキバ,こおりのキバ,するどいキバ,ようき,こうげき/すばやさ,148,149,78,65,88,191
580,ポリゴン２,トライアタック,１０まんボルト,じこさいせい,トリックルーム,くろいてっきゅう,れいせい,HP/とくこう,184,93,103,163,108,65
581,ベロベルト,なみのり,れいとうビーム,１０まんボルト,シャドーボール,たつじんのおび,ひかえめ,HP/とくこう,209,88,108,136,108,63
582,メガヤンマ,つばめがえし,とんぼがえり,つじぎり,はがねのつばさ,ちからのハチマキ,いじっぱり,こうげき/すばやさ,154,132,99,116,69,139
583,サーナイト,サイコキネシス,１０まんボルト,めいそう,ねむる,カゴのみ,ひかえめ,とくこう/とくぼう,136,70,78,185,159,93
584,エルレイド,ドレインパンチ,ほのおのパンチ,かみなりパンチ,れいとうパンチ,ひかりのこな,ようき,こうげき/すばやさ,136,169,78,70,128,136
585,ナッシー,ゆめくい,さいみんじゅつ,やどりぎのタネ,ねをはる,ラムのみ,ひかえめ,HP/とくこう,194,97,98,185,78,68
586,スターミー,ハイドロポンプ,ふぶき,かみなり,じこさいせい,こうかくレンズ,おくびょう,とくこう/すばやさ,129,79,98,144,98,174
587,フライゴン,じわれ,ほのおのパンチ,かみなりパンチ,つばめがえし,するどいキバ,ようき,こうげき/すばやさ,148,144,93,83,93,158
588,シャワーズ,ハイドロポンプ,れいとうビーム,とける,あまごい,しめったいわ,ひかえめ,HP/とくこう,229,70,73,163,108,78
589,サンダース,ほうでん,にどげり,あなをほる,でんじは,するどいツメ,すなお,こうげき/とくこう,133,109,73,154,108,143
590,ブースター,ほのおのキバ,じたばた,こらえる,すなかけ,カムラのみ,ようき,こうげき/すばやさ,133,174,73,97,123,119
591,エーフィ,サイコキネシス,スピードスター,あまえる,メロメロ,ひかりのこな,おくびょう,とくこう/すばやさ,133,70,73,174,108,169
592,ブラッキー,どくどく,くろいまなざし,かげぶんしん,あやしいひかり,たべのこし,わんぱく,ぼうぎょ/とくぼう,163,78,169,65,174,78
593,リーフィア,リーフブレード,とっておき,のろい,くさぶえ,ひかりのこな,ようき,こうげき/すばやさ,133,154,143,65,78,152
594,グレイシア,れいとうビーム,かげぶんしん,あくび,あられ,たべのこし,おだやか,とくこう/とくぼう,133,65,123,174,152,78
595,ルカリオ,クロスチョップ,ストーンエッジ,かみなりパンチ,れいとうパンチ,ピントレンズ,いじっぱり,こうげき/すばやさ,138,169,83,115,83,134
596,カバルドン,じしん,いばる,すなじごく,あくび,オボンのみ,わんぱく,こうげき/ぼうぎょ,176,156,178,72,85,60
597,ダイノーズ,アイアンヘッド,ほのおのパンチ,かみなりパンチ,れいとうパンチ,ヨプのみ,いじっぱり,こうげき/とくぼう,128,108,158,79,194,53
598,ヨノワール,のろい,いたみわけ,あやしいひかり,メロメロ,たべのこし,しんちょう,ぼうぎょ/とくぼう,113,113,179,70,196,58
599,ボスゴドラ,メタルクロー,ほのおのパンチ,かみなりパンチ,れいとうパンチ,せんせいのツメ,いじっぱり,こうげき/ぼうぎょ,138,169,224,65,73,63
600,トドゼルガ,ゆきなだれ,じしん,かみくだく,のろい,いのちのたま,ゆうかん,HP/こうげき,209,136,103,108,103,70
601,マンムー,ゆきなだれ,じしん,アイアンヘッド,のろい,オボンのみ,いじっぱり,HP/こうげき,209,191,93,74,73,93
602,ラプラス,ぜったいれいど,ほろびのうた,うたう,あやしいひかり,せんせいのツメ,わんぱく,ぼうぎょ/とくぼう,198,98,136,88,139,73
603,クロバット,エアスラッシュ,しねんのずつき,かみつく,たつまき,するどいキバ,すなお,こうげき/すばやさ,153,134,93,83,93,174
604,ジバコイル,アイアンヘッド,だいばくはつ,いばる,じこあんじ,ラムのみ,わんぱく,こうげき/ぼうぎょ,138,114,174,128,103,73
605,ドサイドン,ほのおのパンチ,かみなりパンチ,れいとうパンチ,アクアテール,たつじんのおび,いじっぱり,こうげき/ぼうぎょ,183,202,174,61,68,53
606,モジャンボ,ギガドレイン,やどりぎのタネ,どくどく,かげぶんしん,おおきなねっこ,ずぶとい,HP/ぼうぎょ/とくこう,189,101,174,144,63,63
607,ポリゴンＺ,トライアタック,でんじは,じこさいせい,トリック,こだわりスカーフ,おくびょう,とくこう/すばやさ,158,83,83,179,88,147
608,ギャラドス,たきのぼり,こおりのキバ,アイアンヘッド,りゅうのまい,ラムのみ,ようき,こうげき/すばやさ,163,169,92,65,113,137
609,カビゴン,ほのおのパンチ,かみなりパンチ,れいとうパンチ,ねむる,カゴのみ,いじっぱり,こうげき/とくぼう,228,169,78,70,154,43
610,キングドラ,しおみず,れいとうビーム,たつまき,あくび,かいがらのすず,おくびょう,とくこう/すばやさ,143,97,108,139,108,141
611,ハピナス,どくどく,かげぶんしん,タマゴうみ,カウンター,カゴのみ,おだやか,HP/とくぼう,354,20,23,88,196,68
612,ミロカロス,どくどく,あやしいひかり,かげぶんしん,アクアリング,たべのこし,わんぱく,HP/ぼうぎょ,194,73,135,101,138,94
613,エレキブル,かみなり,ばくれつパンチ,いわなだれ,アイアンテール,こうかくレンズ,がんばりや,こうげき/とくこう,143,167,80,139,98,108
614,ブーバーン,ほのおのパンチ,きあいパンチ,あやしいひかり,えんまく,シュカのみ,いじっぱり,こうげき/すばやさ,143,152,80,124,108,127
615,トゲキッス,エアスラッシュ,あやしいかぜ,ぎんいろのかぜ,げんしのちから,ピントレンズ,ひかえめ,HP/とくこう,184,56,108,180,128,93
616,ウインディ,フレアドライブ,かみなりのキバ,きしかいせい,こらえる,カムラのみ,ようき,こうげき/すばやさ,158,154,93,101,93,152
617,カイリュー,ドラゴンダイブ,ほのおのパンチ,かみなりパンチ,れいとうパンチ,するどいツメ,いじっぱり,こうげき/ぼうぎょ,159,195,139,101,113,93
618,バンギラス,ほのおのパンチ,かみなりパンチ,れいとうパンチ,つばめがえし,こだわりスカーフ,ようき,こうげき/すばやさ,168,178,123,97,113,115
619,ボーマンダ,ドラゴンクロー,ほのおのキバ,かみなりのキバ,りゅうのまい,するどいキバ,ようき,こうげき/すばやさ,163,179,93,110,93,158
620,メタグロス,サイコキネシス,ラスターカノン,シャドーボール,ヘドロばくだん,ものしりメガネ,ひかえめ,ぼうぎょ/とくこう,148,133,174,152,103,83
621,ガブリアス,りゅうせいぐん,だいちのちから,かえんほうしゃ,なみのり,しろいハーブ,ひかえめ,とくこう/すばやさ,176,128,108,136,98,146
622,ケッキング,ブレイククロー,ほのおのパンチ,かみなりパンチ,れいとうパンチ,ラムのみ,いじっぱり,こうげき/ぼうぎょ,218,224,144,94,78,113
623,フシギバナ,タネばくだん,じしん,げきりん,のろい,くろいヘドロ,いじっぱり,こうげき/とくぼう,150,140,98,103,146,95
624,リザードン,フレアドライブ,じしん,かみくだく,ドラゴンクロー,ピントレンズ,いじっぱり,こうげき/すばやさ,148,143,93,111,100,146
625,カメックス,アクアテール,じしん,ゆきなだれ,しねんのずつき,いのちのたま,いじっぱり,HP/こうげき,180,141,115,90,120,93
626,メガニウム,リーフストーム,しぼりとる,ひかりのかべ,リフレクター,ひかりのねんど,ずぶとい,HP/とくこう,181,87,126,129,115,95
627,バクフーン,フレアドライブ,じしん,シャドークロー,つばめがえし,シュカのみ,いじっぱり,こうげき/すばやさ,148,143,93,111,100,146
628,オーダイル,ハイドロカノン,れいとうビーム,きあいだま,げんしのちから,ものしりメガネ,ひかえめ,ぼうぎょ/とくこう,155,108,146,137,98,93
629,ジュカイン,リーフブレード,シザークロス,つじぎり,つばめがえし,ピントレンズ,いじっぱり,こうげき/すばやさ,140,144,80,108,100,166
630,バシャーモ,ブレイズキック,じしん,シャドークロー,ストーンエッジ,イトケのみ,いじっぱり,こうげき/すばやさ,150,182,85,112,85,126
631,ラグラージ,だくりゅう,だいちのちから,れいとうビーム,カウンター,たつじんのおび,ひかえめ,HP/とくこう,201,112,105,144,105,75
632,ドダイトス,ハードプラント,だいちのちから,はかいこうせん,やどりぎのタネ,のんきのおこう,ひかえめ,ぼうぎょ/とくこう,165,111,151,133,100,71
633,ゴウカザル,かえんほうしゃ,きあいだま,ソーラービーム,にほんばれ,ひかりのこな,ひかえめ,とくこう/すばやさ,146,107,86,165,86,154
634,エンペルト,なみのり,じしん,ふぶき,シグナルビーム,せんせいのツメ,ゆうかん,こうげき/とくこう,154,145,103,157,116,67
635,ダグトリオ,じわれ,ギガインパクト,つばめがえし,つじぎり,するどいツメ,ようき,こうげき/すばやさ,105,126,65,58,85,182
636,ガラガラ,じしん,ギガインパクト,げきりん,ほのおのパンチ,ふといホネ,いじっぱり,こうげき/ぼうぎょ,130,138,156,58,95,60
637,チャーレム,サイコキネシス,きあいだま,シャドーボール,めいそう,ものしりメガネ,ひかえめ,とくこう/すばやさ,130,67,90,116,90,126
638,ヌオー,なみのり,だいちのちから,きあいだま,ヘドロばくだん,せんせいのツメ,ひかえめ,HP/とくこう,196,90,100,122,80,50
639,グランブル,ほのおのパンチ,かみなりパンチ,れいとうパンチ,しっぺがえし,ちからのハチマキ,いじっぱり,HP/こうげき,191,182,90,67,75,60
640,ルージュラ,ふぶき,エナジーボール,シグナルビーム,しぼりとる,たつじんのおび,ひかえめ,とくこう/すばやさ,135,58,50,177,110,141
641,バリヤード,サイコキネシス,１０まんボルト,エナジーボール,はかいこうせん,カシブのみ,ひかえめ,とくこう/とくぼう,110,54,80,160,166,105
642,ランターン,ハイドロポンプ,かみなり,ふぶき,あまごい,オボンのみ,ひかえめ,HP/とくこう,226,65,73,134,91,82
643,キノガッサ,ばくれつパンチ,かみなりパンチ,ストーンエッジ,からげんき,どくどくだま,いじっぱり,こうげき/ぼうぎょ,130,193,126,67,75,85
644,フォレトス,あなをほる,いばる,どくどく,かげぶんしん,たべのこし,いじっぱり,こうげき/ぼうぎょ,145,149,186,67,75,55
645,エアームド,ドリルくちばし,きりさく,しっぺがえし,つじぎり,するどいツメ,わんぱく,こうげき/ぼうぎょ,135,126,204,49,85,85
646,アブソル,つじぎり,サイコカッター,シザークロス,つばめがえし,するどいツメ,ようき,こうげき/すばやさ,135,176,75,81,75,133
647,ナマズン,ハイドロポンプ,だいちのちから,ふぶき,じわれ,フォーカスレンズ,ひかえめ,HP/とくこう,211,83,88,134,86,75
648,ハリテヤマ,ばくれつパンチ,ほのおのパンチ,かみなりパンチ,れいとうパンチ,いのちのたま,いじっぱり,HP/こうげき,245,182,75,49,75,65
649,ビークイン,シザークロス,つばめがえし,おいうち,とんぼがえり,ちからのハチマキ,いじっぱり,HP/こうげき,171,138,117,85,117,55
650,ライチュウ,１０まんボルト,きあいだま,シグナルビーム,わるだくみ,ヤタピのみ,おくびょう,とくこう/すばやさ,130,94,70,136,95,160
651,ジュゴン,ぜったいれいど,つのドリル,ねむる,ねごと,カムラのみ,おだやか,HP/ぼうぎょ/とくぼう,181,76,116,85,144,85
652,ライボルト,かみなりのキバ,ほのおのキバ,こおりのキバ,かみつく,せんせいのツメ,いじっぱり,こうげき/すばやさ,140,133,75,108,75,151
653,ムクホーク,ブレイブバード,おんがえし,はがねのつばさ,おいうち,ちからのハチマキ,いじっぱり,こうげき/すばやさ,155,182,85,58,65,146
654,トリトドン,たきのぼり,じしん,ストーンエッジ,じわれ,かいがらのすず,いじっぱり,HP/こうげき,212,141,83,96,97,54
655,スカタンク,ヘドロばくだん,あくのはどう,かえんほうしゃ,シャドーボール,シュカのみ,おくびょう,とくこう/すばやさ,173,97,82,117,76,143
656,ラフレシア,タネばくだん,ドレインパンチ,やつあたり,つるぎのまい,ラムのみ,いじっぱり,こうげき/とくぼう,145,138,100,103,136,65
657,ウツボット,ヘドロばくだん,ソーラービーム,はかいこうせん,こうごうせい,パワフルハーブ,ひかえめ,HP/とくこう,181,108,80,160,75,85
658,マルマイン,かみなり,はかいこうせん,でんじふゆう,あまごい,しめったいわ,おくびょう,とくこう/すばやさ,130,58,85,126,95,204
659,ルンパッパ,ハイドロポンプ,くさむすび,ふぶき,きあいだま,こうかくレンズ,ひかえめ,HP/とくこう,181,76,85,149,115,85
660,ダーテング,リーフストーム,あくのはどう,きあいだま,シャドーボール,しろいハーブ,ひかえめ,HP/とくこう,191,103,75,149,75,95
661,バクオング,からげんき,じしん,ゆきなだれ,かみくだく,いのちのたま,いじっぱり,HP/こうげき,205,150,78,95,78,83
662,オニゴーリ,れいとうビーム,シャドーボール,シグナルビーム,みずのはどう,ピントレンズ,ひかえめ,HP/とくこう,181,85,95,138,95,95
663,ミミロップ,チャージビーム,れいとうビーム,シャドーボール,きあいだま,ものしりメガネ,ひかえめ,とくこう/すばやさ,135,81,99,110,111,151
664,ユキメノコ,れいとうビーム,１０まんボルト,シグナルビーム,みちづれ,たつじんのおび,ひかえめ,とくこう/すばやさ,140,85,85,138,85,156
665,エテボース,ダブルアタック,ダストシュート,タネばくだん,つばめがえし,いのちのたま,いじっぱり,こうげき/すばやさ,145,160,81,67,81,161
666,スリーパー,しねんのずつき,ほのおのパンチ,かみなりパンチ,れいとうパンチ,オボンのみ,いじっぱり,こうげき/とくぼう,155,130,85,79,161,82
667,ゴローニャ,ジャイロボール,じしん,アームハンマー,なげつける,くろいてっきゅう,ゆうかん,こうげき/ぼうぎょ,150,171,176,70,80,54
668,サイドン,げきりん,アームハンマー,シャドークロー,ゆきなだれ,キーのみ,ゆうかん,HP/こうげき,206,193,135,60,60,49
669,ヤドラン,サイコキネシス,かえんほうしゃ,シャドーボール,シグナルビーム,こだわりメガネ,ひかえめ,HP/とくこう,196,81,125,160,95,45
670,マタドガス,ヘドロばくだん,１０まんボルト,あくのはどう,だいばくはつ,のんきのおこう,なまいき,とくこう/とくぼう,135,105,135,131,127,67
671,ガルーラ,ダブルアタック,アームハンマー,シャドークロー,いわなだれ,いのちのたま,ようき,こうげき/すばやさ,175,141,95,49,95,149
672,ケンタロス,ギガインパクト,じしん,げきりん,アイアンテール,ラムのみ,ようき,こうげき/すばやさ,145,146,110,49,85,171
673,フーディン,サイコキネシス,チャージビーム,シグナルビーム,くさむすび,ものしりメガネ,おくびょう,とくこう/すばやさ,125,58,60,181,100,182
674,ヤドキング,サイコキネシス,シャドーボール,シグナルビーム,きあいだま,ラムのみ,ひかえめ,とくこう/とくぼう,165,81,95,160,156,45
675,ミルタンク,ピヨピヨパンチ,ほのおのパンチ,かみなりパンチ,れいとうパンチ,ピントレンズ,いじっぱり,こうげき/ぼうぎょ,165,138,151,49,85,115
676,チルタリス,ドラゴンダイブ,ゴッドバード,じしん,りゅうのまい,ひかりのこな,いじっぱり,こうげき/とくぼう,145,127,105,76,151,95
677,ドクロッグ,ヘドロばくだん,きあいだま,シャドーボール,あくのはどう,ものしりメガネ,ひかえめ,とくこう/すばやさ,153,108,80,145,80,131
678,ユキノオー,エナジーボール,ふぶき,シャドーボール,きあいだま,オッカのみ,れいせい,HP/とくこう,191,107,90,151,100,67
679,ニドクイン,ヘドロばくだん,だいちのちから,かえんほうしゃ,れいとうビーム,くろいヘドロ,ひかえめ,HP/とくこう,191,87,102,133,100,91
680,ニドキング,だいちのちから,ヘドロばくだん,れいとうビーム,シャドーボール,たつじんのおび,ひかえめ,とくこう/すばやさ,151,96,92,144,90,131
681,ユレイドル,ギガドレイン,ヘドロばくだん,じこさいせい,ねをはる,おおきなねっこ,おだやか,HP/ぼうぎょ/とくぼう,177,86,133,96,157,58
682,アーマルド,ストーンエッジ,ばかぢから,じしん,ギガインパクト,こだわりハチマキ,いじっぱり,こうげき/ぼうぎょ,145,188,146,76,95,60
683,トリデプス,アイアンヘッド,じわれ,かげぶんしん,てっぺき,たべのこし,しんちょう,HP/とくぼう,161,67,183,55,202,45
684,フローゼル,なみのり,れいとうビーム,きあいだま,あまごい,さざなみのおこう,ひかえめ,とくこう/すばやさ,155,108,70,144,65,161
685,ムウマージ,シャドーボール,エナジーボール,こごえるかぜ,みちづれ,ものしりメガネ,おくびょう,とくこう/すばやさ,130,67,75,151,120,166
686,フワライド,サイコキネシス,１０まんボルト,こごえるかぜ,みちづれ,ものしりメガネ,ひかえめ,HP/とくこう,251,85,59,149,69,95
687,ゴルダック,アクアテール,クロスチョップ,れいとうパンチ,しねんのずつき,ピントレンズ,いじっぱり,HP/こうげき,181,140,93,99,95,100
688,ニョロボン,ハイドロポンプ,きあいだま,ふぶき,どろばくだん,こうかくレンズ,ひかえめ,HP/とくこう,191,90,110,127,105,85
689,ギャロップ,フレアドライブ,どくづき,アイアンテール,つのドリル,ひかりのこな,いじっぱり,こうげき/すばやさ,135,160,85,85,95,151
690,ベトベトン,ダストシュート,しっぺがえし,かげうち,のろい,フォーカスレンズ,ゆうかん,HP/こうげき,206,166,90,80,115,58
691,ゲンガー,サイコキネシス,エナジーボール,きあいだま,あやしいひかり,ピントレンズ,ひかえめ,とくこう/すばやさ,130,72,75,193,90,156
692,デンリュウ,チャージビーム,はかいこうせん,でんじは,ねむる,カゴのみ,ひかえめ,HP/とくこう,191,81,90,177,105,70
693,ニョロトノ,たきのぼり,じしん,はらだいこ,ねむる,カゴのみ,しんちょう,こうげき/とくぼう,160,121,90,94,160,85
694,カイロス,シザークロス,ばかぢから,ストーンエッジ,ギガインパクト,のんきのおこう,いじっぱり,こうげき/ぼうぎょ,135,188,146,63,85,100
695,ハッサム,シザークロス,でんこうせっか,きしかいせい,こらえる,カムラのみ,ようき,こうげき/すばやさ,140,176,115,63,95,122
696,ヘラクロス,メガホーン,ストーンエッジ,からげんき,シャドークロー,バコウのみ,いじっぱり,こうげき/すばやさ,150,188,90,49,110,131
697,リングマ,からげんき,ばかぢから,かみくだく,まもる,どくどくだま,いじっぱり,HP/こうげき,191,193,90,85,90,70
698,ヘルガー,かえんほうしゃ,シャドーボール,ヘドロばくだん,おにび,イトケのみ,ひかえめ,とくこう/すばやさ,145,94,65,171,95,141
699,ドンファン,じしん,ジャイロボール,ほのおのキバ,かみなりのキバ,のんきのおこう,ゆうかん,こうげき/ぼうぎょ,160,182,166,75,75,58
700,ホエルオー,たきのぼり,ゆきなだれ,じしん,のろい,たべのこし,いじっぱり,HP/こうげき,271,179,60,94,60,75
701,ネンドール,だいちのちから,サイコキネシス,チャージビーム,れいとうビーム,ものしりメガネ,ひかえめ,とくこう/とくぼう,130,76,120,127,166,90
702,ラムパルド,もろはのずつき,しねんのずつき,ほのおのパンチ,かみなりパンチ,いのちのたま,いじっぱり,HP/こうげき,198,232,75,72,65,73
703,ドータクン,サイコキネシス,シャドーボール,チャージビーム,シグナルビーム,たべのこし,ひかえめ,HP/とくこう,168,93,131,137,131,48
704,ドラピオン,クロスポイズン,ほのおのキバ,かみなりのキバ,こおりのキバ,ピントレンズ,ようき,こうげき/すばやさ,140,136,125,67,90,155
705,レントラー,かみなりのキバ,こおりのキバ,ばかぢから,でんじは,しろいハーブ,いじっぱり,HP/こうげき,181,182,94,99,94,85
706,キュウコン,ねっぷう,あやしいかぜ,ゆめくい,さいみんじゅつ,こうかくレンズ,おくびょう,とくぼう/すばやさ,143,81,90,96,146,160
707,カイリキー,ばくれつパンチ,じしん,ストーンエッジ,れいとうパンチ,せんせいのツメ,いじっぱり,HP/こうげき,191,193,95,72,100,70
708,ツボツボ,ジャイロボール,みがわり,かげぶんしん,パワートリック,のんきのおこう,わんぱく,HP/ぼうぎょ/とくぼう,111,25,292,22,266,20
709,ロズレイド,リーフストーム,ヘドロばくだん,はかいこうせん,くさぶえ,しろいハーブ,ひかえめ,とくこう/すばやさ,130,76,70,188,120,136
710,ドンカラス,あくのはどう,エアカッター,サイコキネシス,シャドーボール,いのちのたま,ひかえめ,HP/とくこう,201,126,67,166,67,86
711,ハガネール,ジャイロボール,しっぺがえし,いばる,のろい,くろいてっきゅう,のんき,こうげき/ぼうぎょ,145,131,270,70,80,40
712,マニューラ,つじぎり,シザークロス,メタルクロー,カウンター,きあいのタスキ,いじっぱり,こうげき/すばやさ,140,182,80,54,100,171
713,グライオン,ハサミギロチン,じしん,とんぼがえり,カウンター,きあいのタスキ,ようき,HP/すばやさ,176,110,140,54,90,155
714,ドククラゲ,なみのり,ヘドロばくだん,ギガドレイン,ミラーコート,きあいのタスキ,ひかえめ,とくこう/とくぼう,150,76,80,138,166,115
715,プテラ,ギガインパクト,じしん,いわなだれ,かみくだく,ヤチェのみ,いじっぱり,こうげき/すばやさ,150,166,80,67,90,176
716,ポリゴン２,トライアタック,１０まんボルト,サイコキネシス,れいとうビーム,ものしりメガネ,ひかえめ,HP/とくこう,186,85,105,166,110,75
717,ベロベルト,おんがえし,ジャイロボール,のろい,ねむる,ラムのみ,ゆうかん,HP/こうげき,211,144,110,95,110,58
718,メガヤンマ,ぎんいろのかぜ,げんしのちから,あやしいかぜ,ギガドレイン,ラムのみ,ひかえめ,とくこう/すばやさ,156,81,101,178,71,141
719,サーナイト,サイコキネシス,チャージビーム,エナジーボール,きあいだま,ひかりのこな,ひかえめ,とくこう/とくぼう,138,72,80,188,161,95
720,エルレイド,サイコカッター,ストーンエッジ,つばめがえし,シザークロス,ピントレンズ,いじっぱり,こうげき/とくぼう,138,188,80,72,161,95
721,ナッシー,ウッドハンマー,しねんのずつき,トリックルーム,だいばくはつ,きあいのタスキ,ゆうかん,HP/こうげき,196,155,100,140,80,63
722,スターミー,なみのり,サイコキネシス,パワージェム,シグナルビーム,ものしりメガネ,ひかえめ,とくこう/すばやさ,130,81,100,160,100,161
723,フライゴン,りゅうせいぐん,だいちのちから,かえんほうしゃ,ギガドレイン,しろいハーブ,おくびょう,とくこう/すばやさ,150,103,95,126,95,160
724,シャワーズ,だくりゅう,ふぶき,アクアリング,あくび,たべのこし,ひかえめ,HP/とくこう,231,72,75,171,110,80
725,サンダース,かみなり,シャドーボール,あまごい,あくび,のんきのおこう,おくびょう,とくこう/すばやさ,135,72,75,156,110,193
726,ブースター,オーバーヒート,シャドーボール,どろかけ,おにび,しろいハーブ,ひかえめ,とくこう/とくぼう,135,130,75,155,156,80
727,エーフィ,サイコキネシス,シャドーボール,はかいこうせん,くさむすび,ラムのみ,ひかえめ,とくこう/すばやさ,135,72,75,193,110,156
728,ブラッキー,だましうち,いばる,じこあんじ,いやなおと,のんきのおこう,わんぱく,HP/ぼうぎょ,196,80,171,67,145,80
729,リーフィア,リーフブレード,シザークロス,こうごうせい,にほんばれ,あついいわ,いじっぱり,こうげき/ぼうぎょ,135,171,176,67,80,110
730,グレイシア,ふぶき,はかいこうせん,あられ,ミラーコート,きあいのタスキ,ひかえめ,ぼうぎょ/とくこう,135,67,156,193,110,80
731,ルカリオ,インファイト,じしん,ブレイズキック,シャドークロー,ちからのハチマキ,いじっぱり,こうげき/すばやさ,140,171,85,117,85,136
732,カバルドン,ばかぢから,ほのおのキバ,こおりのキバ,じわれ,しろいハーブ,いじっぱり,HP/こうげき,209,173,133,74,87,62
733,ダイノーズ,ストーンエッジ,アイアンヘッド,じしん,だいばくはつ,ピントレンズ,いじっぱり,こうげき/ぼうぎょ,130,111,191,81,165,55
734,ヨノワール,シャドーパンチ,ほのおのパンチ,かみなりパンチ,れいとうパンチ,ピントレンズ,いじっぱり,こうげき/とくぼう,115,160,150,72,181,60
735,ボスゴドラ,アイアンテール,ドラゴンダイブ,ゆきなだれ,つばめがえし,ちからのハチマキ,いじっぱり,こうげき/ぼうぎょ,140,171,226,67,75,65
736,トドゼルガ,ぜったいれいど,じわれ,ねむる,ねごと,のんきのおこう,ずぶとい,ぼうぎょ/とくぼう,180,85,176,110,136,80
737,マンムー,じしん,ばかぢから,じわれ,あられ,のんきのおこう,いじっぱり,HP/こうげき,211,193,95,76,75,95
738,ラプラス,たきのぼり,げきりん,しねんのずつき,りゅうのまい,ラムのみ,いじっぱり,HP/こうげき,231,144,65,60,110,75
739,クロバット,エアスラッシュ,ヘドロばくだん,ねっぷう,あくのはどう,おうじゃのしるし,ひかえめ,とくこう/すばやさ,155,94,95,127,95,176
740,ジバコイル,チャージビーム,ラスターカノン,でんじふゆう,でんじは,カゴのみ,ひかえめ,ぼうぎょ/とくこう,140,76,161,193,105,75
741,ドサイドン,つのドリル,ゆきなだれ,しっぺがえし,カウンター,きあいのタスキ,わんぱく,HP/ぼうぎょ,216,155,193,63,70,55
742,モジャンボ,ソーラービーム,しぼりとる,こうごうせい,にほんばれ,あついいわ,ひかえめ,ぼうぎょ/とくこう,170,106,171,171,65,65
743,ポリゴンＺ,サイコキネシス,れいとうビーム,シグナルビーム,チャージビーム,ものしりメガネ,ひかえめ,HP/とくこう,186,85,85,199,90,105
744,ギャラドス,げきりん,たきのぼり,ストーンエッジ,ギガインパクト,キーのみ,いじっぱり,こうげき/とくぼう,165,188,94,67,146,96
745,カビゴン,げきりん,ばかぢから,ダストシュート,タネばくだん,しろいハーブ,いじっぱり,こうげき/とくぼう,230,171,80,72,156,45
746,キングドラ,たきのぼり,げきりん,アイアンヘッド,りゅうのまい,ラムのみ,いじっぱり,HP/こうげき,176,155,110,99,110,100
747,ハピナス,かえんほうしゃ,１０まんボルト,れいとうビーム,めいそう,ひかりのこな,ひかえめ,HP/とくこう,356,22,25,133,150,70
748,ミロカロス,ハイドロポンプ,ふぶき,ミラーコート,じこさいせい,こうかくレンズ,おだやか,とくこう/とくぼう,165,67,94,146,188,96
749,エレキブル,１０まんボルト,サイコキネシス,きあいだま,シグナルビーム,ものしりメガネ,ひかえめ,とくこう/すばやさ,145,124,82,155,100,141
750,ブーバーン,フレアドライブ,かみなりパンチ,じしん,かわらわり,イトケのみ,いじっぱり,こうげき/すばやさ,145,155,82,126,110,129
751,トゲキッス,エアスラッシュ,ねっぷう,シグナルビーム,マジカルリーフ,ものしりメガネ,ひかえめ,とくこう/すばやさ,155,58,110,182,130,126
752,ウインディ,オーバーヒート,ソーラービーム,りゅうのはどう,にほんばれ,しろいハーブ,ひかえめ,とくこう/すばやさ,160,112,95,160,95,141
753,カイリュー,りゅうせいぐん,かえんほうしゃ,１０まんボルト,なみのり,たつじんのおび,ひかえめ,ぼうぎょ/とくこう,161,134,141,160,115,95
754,バンギラス,ばかぢから,ドラゴンクロー,シャドークロー,アクアテール,しろいハーブ,いじっぱり,こうげき/ぼうぎょ,170,198,156,99,115,76
755,ボーマンダ,りゅうせいぐん,ハイドロポンプ,かえんほうしゃ,あやしいかぜ,ものしりメガネ,ひかえめ,とくこう/すばやさ,165,135,95,171,95,146
756,メタグロス,アームハンマー,かみなりパンチ,れいとうパンチ,つばめがえし,オッカのみ,いじっぱり,こうげき/ぼうぎょ,150,199,176,99,105,85
757,ガブリアス,ドラゴンダイブ,ストーンエッジ,アクアテール,つばめがえし,きあいのタスキ,いじっぱり,こうげき/すばやさ,178,193,110,85,100,85
758,ケッキング,おんがえし,つじぎり,ダストシュート,つばめがえし,いのちのたま,ようき,こうげき/すばやさ,220,206,115,99,80,160
759,フシギバナ,ハードプラント,ヘドロばくだん,はかいこうせん,こうごうせい,ものしりメガネ,ひかえめ,HP/とくこう,183,89,100,162,117,97
760,リザードン,ブラストバーン,エアスラッシュ,きあいだま,げんしのちから,ひかりのこな,おくびょう,とくこう/すばやさ,150,90,95,157,102,162
761,カメックス,ハイドロカノン,れいとうビーム,はかいこうせん,きあいだま,かいがらのすず,ひかえめ,HP/とくこう,182,90,117,146,122,95
762,メガニウム,ハードプラント,げんしのちから,はかいこうせん,ひかりのかべ,のんきのおこう,ひかえめ,HP/とくこう,83,89,117,144,117,97
763,バクフーン,オーバーヒート,ソーラービーム,きあいだま,にほんばれ,しろいハーブ,ひかえめ,とくこう/すばやさ,150,90,95,172,102,148
764,オーダイル,たきのぼり,じしん,こおりのキバ,りゅうのまい,ラムのみ,いじっぱり,こうげき/ぼうぎょ,157,168,148,86,100,95
765,ジュカイン,リーフストーム,りゅうのはどう,きあいだま,はかいこうせん,オッカのみ,おくびょう,とくこう/すばやさ,142,91,82,153,102,184
766,バシャーモ,フレアドライブ,ばかぢから,かみなりパンチ,つじぎり,しろいハーブ,いじっぱり,こうげき/すばやさ,152,184,87,114,87,128
767,ラグラージ,じしん,アクアテール,ゆきなだれ,ミラーコート,リンドのみ,いじっぱり,HP/こうげき,203,173,107,91,107,77
768,ドダイトス,ウッドハンマー,じしん,ストーンエッジ,かみくだく,せんせいのツメ,いじっぱり,HP/こうげき,198,172,122,82,102,73
769,ゴウカザル,フレアドライブ,インファイト,じしん,かみなりパンチ,おうじゃのしるし,ようき,こうげき/すばやさ,148,152,88,108,88,171
770,エンペルト,ハイドロカノン,ラスターカノン,ドリルくちばし,じしん,せんせいのツメ,ゆうかん,こうげき/とくこう,156,147,105,159,118,69
771,ダグトリオ,じしん,ストーンエッジ,きりさく,シャドークロー,ちからのハチマキ,いじっぱり,こうげき/すばやさ,107,140,67,60,87,168
772,ガラガラ,じしん,ストーンエッジ,アイアンヘッド,かみなりパンチ,ふといホネ,いじっぱり,こうげき/ぼうぎょ,132,140,158,60,97,62
773,チャーレム,サイコカッター,ほのおのパンチ,かみなりパンチ,れいとうパンチ,ピントレンズ,いじっぱり,こうげき/すばやさ,132,118,92,69,92,128
774,ヌオー,じしん,たきのぼり,ストーンエッジ,れいとうパンチ,ちからのハチマキ,いじっぱり,HP/こうげき,198,146,102,73,82,52
775,グランブル,ギガインパクト,インファイト,じしん,ストーンエッジ,いのちのたま,いじっぱり,HP/こうげき,193,184,92,69,77,62
776,ルージュラ,れいとうビーム,サイコキネシス,きあいだま,シャドーボール,こだわりメガネ,ひかえめ,とくこう/すばやさ,137,60,52,179,112,143
777,バリヤード,サイコキネシス,チャージビーム,シャドーボール,きあいだま,こだわりメガネ,ひかえめ,とくこう/とくぼう,112,55,82,162,168,107
778,ランターン,なみのり,１０まんボルト,れいとうビーム,シグナルビーム,たつじんのおび,ひかえめ,HP/とくこう,228,67,75,136,93,84
779,キノガッサ,きあいパンチ,タネばくだん,ギガインパクト,キノコのほうし,かいがらのすず,いじっぱり,こうげき/ぼうぎょ,132,195,128,69,77,87
780,フォレトス,だいばくはつ,すてみタックル,じしん,いわなだれ,のんきのおこう,いじっぱり,こうげき/ぼうぎょ,147,151,188,69,77,57
781,エアームド,ブレイブバード,はがねのつばさ,シザークロス,いわなだれ,いのちのたま,いじっぱり,こうげき/ぼうぎょ,137,140,188,51,87,87
782,アブソル,つじぎり,ばかぢから,ギガインパクト,しねんのずつき,こだわりハチマキ,いじっぱり,こうげき/すばやさ,137,195,77,82,77,123
783,ナマズン,じしん,アクアテール,しねんのずつき,ストーンエッジ,ちからのハチマキ,いじっぱり,HP/こうげき,213,138,90,83,88,77
784,ハリテヤマ,クロスチョップ,じしん,ストーンエッジ,どくづき,ピントレンズ,いじっぱり,HP/こうげき,247,184,77,51,77,67
785,ビークイン,こうげきしれい,ぼうぎょしれい,かいふくしれい,あやしいひかり,かいがらのすず,いじっぱり,HP/こうげき,173,140,119,87,119,57
786,ライチュウ,ボルテッカー,おんがえし,かわらわり,でんじは,ひかりのこな,いじっぱり,こうげき/すばやさ,132,151,72,96,97,148
787,ジュゴン,なみのり,れいとうビーム,シグナルビーム,ねむる,カゴのみ,おだやか,とくこう/とくぼう,162,78,97,118,157,87
788,ライボルト,１０まんボルト,かえんほうしゃ,シグナルビーム,スピードスター,ひかりのこな,おくびょう,とくこう/すばやさ,142,82,77,153,77,168
789,ムクホーク,ブレイブバード,ギガインパクト,インファイト,とんぼがえり,こだわりハチマキ,いじっぱり,こうげき/すばやさ,157,184,87,60,67,148
790,トリトドン,なみのり,だいちのちから,れいとうビーム,ヘドロばくだん,ものしりメガネ,ひかえめ,HP/とくこう,214,90,85,154,99,56
791,スカタンク,どくづき,つじぎり,かみくだく,だいばくはつ,ちからのハチマキ,ようき,こうげき/すばやさ,175,141,84,79,78,145
792,ラフレシア,ヘドロばくだん,エナジーボール,はかいこうせん,こうごうせい,ものしりメガネ,ひかえめ,HP/とくこう,178,87,102,162,107,67
793,ウツボット,ソーラービーム,ヘドロばくだん,しぼりとる,にほんばれ,きあいのハチマキ,ひかえめ,HP/とくこう,183,109,82,162,77,87
794,マルマイン,１０まんボルト,シグナルビーム,だいばくはつ,ミラーコート,きあいのタスキ,がんばりや,とくこう/すばやさ,132,67,87,128,97,188
795,ルンパッパ,なみのり,ギガドレイン,れいとうビーム,あまごい,ラムのみ,ひかえめ,とくこう/とくぼう,152,78,87,151,148,87
796,ダーテング,タネばくだん,ふいうち,つばめがえし,だいばくはつ,クラボのみ,いじっぱり,HP/こうげき,193,162,77,96,77,97
797,バクオング,ハイパーボイス,オーバーヒート,なみのり,れいとうビーム,しろいハーブ,ひかえめ,HP/とくこう,207,97,80,152,80,85
798,オニゴーリ,ふぶき,あくのはどう,ぜったいれいど,あられ,のんきのおこう,ひかえめ,HP/とくこう,183,87,97,140,97,97
799,ミミロップ,ピヨピヨパンチ,ほのおのパンチ,かみなりパンチ,れいとうパンチ,ちからのハチマキ,ようき,こうげき/すばやさ,137,124,101,63,113,168
800,ユキメノコ,ふぶき,シャドーボール,サイコキネシス,あられ,のんきのおこう,ひかえめ,とくこう/すばやさ,142,87,87,140,87,158
801,エテボース,ダブルアタック,ほのおのパンチ,かみなりパンチ,れいとうパンチ,いのちのたま,いじっぱり,こうげき/すばやさ,147,162,83,69,83,163
802,スリーパー,サイコキネシス,シャドーボール,シグナルビーム,きあいだま,こだわりメガネ,ひかえめ,とくこう/とくぼう,157,81,87,133,163,84
803,ゴローニャ,じしん,ストーンエッジ,ジャイロボール,だいばくはつ,せんせいのツメ,ゆうかん,こうげき/ぼうぎょ,152,173,178,72,82,55
804,サイドン,じしん,ストーンエッジ,メガホーン,つのドリル,せんせいのツメ,いじっぱり,HP/こうげき,208,195,137,55,62,57
805,ヤドラン,サイコキネシス,なみのり,れいとうビーム,トリックルーム,たべのこし,れいせい,HP/とくこう,198,92,127,162,97,42
806,マタドガス,ヘドロばくだん,かえんほうしゃ,シャドーボール,みちづれ,せんせいのツメ,ひかえめ,ぼうぎょ/とくこう,137,96,168,146,87,77
807,ガルーラ,ギガインパクト,じしん,かみくだく,げきりん,ちからのハチマキ,いじっぱり,HP/こうげき,208,157,97,51,97,107
808,ケンタロス,おんがえし,じしん,ストーンエッジ,しねんのずつき,こだわりハチマキ,いじっぱり,こうげき/すばやさ,147,162,112,51,87,158
809,フーディン,サイコキネシス,シャドーボール,エナジーボール,きあいだま,たつじんのおび,ひかえめ,とくこう/すばやさ,127,60,62,201,102,168
810,ヤドキング,サイコキネシス,なみのり,れいとうビーム,かえんほうしゃ,ものしりメガネ,ひかえめ,HP/とくこう,198,82,97,168,127,47
811,ミルタンク,ギガインパクト,じしん,いわなだれ,しねんのずつき,ちからのハチマキ,いじっぱり,こうげき/すばやさ,167,140,122,51,87,148
812,チルタリス,りゅうせいぐん,エアカッター,かえんほうしゃ,れいとうビーム,しろいハーブ,ひかえめ,とくこう/すばやさ,147,78,107,129,122,128
813,ドクロッグ,ダストシュート,クロスチョップ,じしん,ストーンエッジ,するどいツメ,いじっぱり,こうげき/すばやさ,155,169,82,92,82,133
814,ユキノオー,ウッドハンマー,ゆきなだれ,じしん,いわなだれ,かいがらのすず,ゆうかん,HP/こうげき,193,154,92,109,102,69
815,ニドクイン,じしん,どくづき,ばかぢから,かみくだく,するどいツメ,いじっぱり,HP/こうげき,193,143,104,82,102,93
816,ニドキング,じしん,どくづき,メガホーン,げきりん,ちからのハチマキ,いじっぱり,こうげき/すばやさ,153,154,94,91,92,133
817,ユレイドル,ストーンエッジ,タネばくだん,じしん,ミラーコート,たべのこし,おだやか,HP/ぼうぎょ/とくぼう,179,88,135,98,159,60
818,アーマルド,ストーンエッジ,シザークロス,じしん,クロスポイズン,いのちのたま,いじっぱり,こうげき/ぼうぎょ,147,190,148,78,97,62
819,トリデプス,メタルバースト,ストーンエッジ,ゆきなだれ,のろい,きあいのタスキ,いじっぱり,HP/こうげき,163,110,185,57,155,47
820,フローゼル,アクアテール,こおりのキバ,かみくだく,かわらわり,するどいキバ,いじっぱり,こうげき/すばやさ,157,168,72,91,67,163
821,ムウマージ,シャドーボール,サイコキネシス,１０まんボルト,みちづれ,きあいのタスキ,おくびょう,とくこう/すばやさ,132,69,77,153,122,168
822,フワライド,シャドーボール,エアカッター,ぎんいろのかぜ,だいばくはつ,のんきのおこう,きまぐれ,HP/こうげき,253,128,61,107,71,97
823,ゴルダック,ハイドロポンプ,サイコキネシス,れいとうビーム,シグナルビーム,ソクノのみ,ひかえめ,HP/とくこう,183,89,95,157,97,102
824,ニョロボン,たきのぼり,きあいパンチ,じしん,さいみんじゅつ,たつじんのおび,いじっぱり,HP/こうげき,193,146,112,78,107,87
825,ギャロップ,フレアドライブ,メガホーン,すてみタックル,さいみんじゅつ,カゴのみ,ようき,こうげき/すばやさ,137,148,87,87,97,168
826,ベトベトン,ダストシュート,かげうち,かわらわり,だいばくはつ,せんせいのツメ,いじっぱり,HP/こうげき,208,168,92,73,117,67
827,ゲンガー,シャドーボール,ヘドロばくだん,１０まんボルト,みちづれ,ラムのみ,ひかえめ,とくこう/すばやさ,132,73,77,195,92,158
828,デンリュウ,かみなり,きあいだま,シグナルビーム,パワージェム,フォーカスレンズ,れいせい,HP/とくこう,193,92,92,179,107,64
829,ニョロトノ,ハイドロポンプ,れいとうビーム,サイコキネシス,さいみんじゅつ,ソクノのみ,ひかえめ,とくこう/とくぼう,162,82,92,151,178,87
830,カイロス,シザークロス,じしん,インファイト,ハサミギロチン,ピントレンズ,いじっぱり,こうげき/ぼうぎょ,137,190,148,64,87,102
831,ハッサム,シザークロス,アイアンヘッド,つばめがえし,つじぎり,オッカのみ,いじっぱり,こうげき/ぼうぎょ,142,195,148,64,97,82
832,ヘラクロス,メガホーン,じしん,きしかいせい,こらえる,カムラのみ,ようき,こうげき/すばやさ,152,173,92,51,112,146
833,リングマ,おんがえし,クロスチョップ,じしん,つばめがえし,せんせいのツメ,いじっぱり,HP/こうげき,193,195,92,82,92,72
834,ヘルガー,オーバーヒート,あくのはどう,ソーラービーム,にほんばれ,しろいハーブ,おくびょう,とくこう/すばやさ,147,96,67,158,97,157
835,ドンファン,じしん,ストーンエッジ,タネばくだん,じわれ,せんせいのツメ,いじっぱり,こうげき/ぼうぎょ,162,184,168,69,77,67
836,ホエルオー,ハイドロポンプ,ふぶき,はかいこうせん,じわれ,せんせいのツメ,ひかえめ,HP/とくこう,273,96,62,151,62,77
837,ネンドール,じしん,しねんのずつき,いわなだれ,だいばくはつ,のんきのおこう,いじっぱり,こうげき/とくぼう,132,129,122,78,168,92
838,ラムパルド,もろはのずつき,じしん,ギガインパクト,ばかぢから,こだわりスカーフ,ようき,こうげき/すばやさ,169,213,77,73,67,116
839,ドータクン,しねんのずつき,アイアンヘッド,じしん,だいばくはつ,せんせいのツメ,いじっぱり,HP/こうげき,170,150,133,86,133,50
840,ドラピオン,クロスポイズン,つじぎり,じしん,つばめがえし,するどいツメ,いじっぱり,こうげき/すばやさ,142,151,127,69,92,143
841,レントラー,かみなりのキバ,こおりのキバ,かみくだく,でんじは,ちからのハチマキ,いじっぱり,HP/こうげき,183,184,96,100,96,87
842,キュウコン,かえんほうしゃ,じんつうりき,エナジーボール,めいそう,イトケのみ,ひかえめ,とくこう/すばやさ,145,83,92,141,117,148
843,カイリキー,クロスチョップ,じしん,かみなりパンチ,ほのおのパンチ,せんせいのツメ,いじっぱり,HP/こうげき,193,195,97,73,102,72
844,ツボツボ,どくどく,みがわり,かげぶんしん,すなあらし,たべのこし,おだやか,HP/ぼうぎょ/とくぼう,113,24,268,27,294,22
845,ロズレイド,リーフストーム,ヘドロばくだん,シャドーボール,ウェザーボール,しろいハーブ,ひかえめ,とくこう/すばやさ,132,78,72,190,122,138
846,ドンカラス,つじぎり,ドリルくちばし,ふいうち,はがねのつばさ,ピントレンズ,いじっぱり,HP/こうげき,203,190,69,109,69,88
847,ハガネール,ジャイロボール,じしん,ストーンエッジ,だいばくはつ,せんせいのツメ,ゆうかん,こうげき/ぼうぎょ,147,146,248,72,82,42
848,マニューラ,つじぎり,れいとうパンチ,つばめがえし,かわらわり,するどいツメ,ようき,こうげき/すばやさ,142,168,82,55,102,190
849,グライオン,じしん,つばめがえし,シザークロス,ストーンエッジ,たつじんのおび,いじっぱり,こうげき/ぼうぎょ,147,157,173,55,92,112
850,ドククラゲ,ハイドロポンプ,ヘドロばくだん,れいとうビーム,しぼりとる,ピントレンズ,おくびょう,とくこう/すばやさ,152,78,82,128,137,162
851,プテラ,ストーンエッジ,つばめがえし,じしん,ドラゴンクロー,こだわりハチマキ,いじっぱり,こうげき/すばやさ,152,168,82,69,92,178
852,ポリゴン２,トライアタック,シグナルビーム,シャドーボール,れいとうビーム,ラムのみ,ひかえめ,HP/とくこう,188,87,107,168,112,77
853,ベロベルト,のしかかり,パワーウィップ,じしん,だいばくはつ,のんきのおこう,いじっぱり,HP/こうげき,213,146,112,87,112,67
854,メガヤンマ,むしのさざめき,エアスラッシュ,サイコキネシス,シャドーボール,ものしりメガネ,ひかえめ,とくこう/すばやさ,158,83,103,180,73,143
855,サーナイト,サイコキネシス,１０まんボルト,シャドーボール,みちづれ,ものしりメガネ,おくびょう,とくこう/すばやさ,140,73,82,173,132,140
856,エルレイド,サイコカッター,インファイト,リーフブレード,つじぎり,ピントレンズ,いじっぱり,こうげき/とくぼう,140,190,82,73,163,97
857,ナッシー,リーフストーム,サイコキネシス,ヘドロばくだん,げんしのちから,たつじんのおび,ひかえめ,HP/とくこう,198,100,102,190,82,72
858,スターミー,なみのり,サイコキネシス,１０まんボルト,れいとうビーム,たつじんのおび,ひかえめ,とくこう/すばやさ,132,82,102,162,102,163
859,フライゴン,じしん,げきりん,かみくだく,ストーンエッジ,ラムのみ,いじっぱり,こうげき/すばやさ,152,162,97,87,97,148
860,シャワーズ,なみのり,れいとうビーム,シャドーボール,シグナルビーム,たつじんのおび,ひかえめ,HP/とくこう,223,73,77,173,112,82
861,サンダース,１０まんボルト,はかいこうせん,シャドーボール,シグナルビーム,するどいキバ,ひかえめ,とくこう/すばやさ,137,73,77,173,112,178
862,ブースター,ほのおのキバ,ギガインパクト,ばかぢから,かみつく,しろいハーブ,いじっぱり,こうげき/とくぼう,137,168,77,100,158,82
863,エーフィ,サイコキネシス,シャドーボール,シグナルビーム,あさのひざし,ものしりメガネ,ひかえめ,とくこう/すばやさ,137,73,77,168,112,158
864,ブラッキー,しっぺがえし,きりふだ,のろい,つきのひかり,ひかりのこな,わんぱく,ぼうぎょ/とくぼう,167,82,173,69,178,82
865,リーフィア,リーフブレード,シザークロス,つばめがえし,かみつく,せんせいのツメ,いじっぱり,こうげき/ぼうぎょ,137,173,178,69,82,112
866,グレイシア,れいとうビーム,シャドーボール,シグナルビーム,みずのはどう,ものしりメガネ,ひかえめ,ぼうぎょ/とくこう,137,69,158,195,112,82
867,ルカリオ,はどうだん,サイコキネシス,シャドーボール,りゅうのはどう,たつじんのおび,ひかえめ,とくこう/すばやさ,142,114,87,179,87,138
868,カバルドン,じしん,ストーンエッジ,かみくだく,かみなりのキバ,せんせいのツメ,いじっぱり,HP/こうげき,211,176,135,76,89,64
869,ダイノーズ,ラスターカノン,パワージェム,だいちのちから,１０まんボルト,いのちのたま,ひかえめ,とくこう/とくぼう,132,64,162,135,198,57
870,ヨノワール,シャドーパンチ,じしん,かわらわり,いわなだれ,ちからのハチマキ,いじっぱり,ぼうぎょ/とくぼう,117,128,183,73,183,62
871,ボスゴドラ,メタルバースト,ストーンエッジ,じしん,シャドークロー,きあいのタスキ,いじっぱり,こうげき/ぼうぎょ,142,173,228,69,77,67
872,トドゼルガ,なみのり,れいとうビーム,シグナルビーム,あられ,たべのこし,ひかえめ,HP/とくこう,213,87,107,157,107,82
873,マンムー,じしん,こおりのキバ,ストーンエッジ,すてみタックル,いのちのたま,いじっぱり,HP/こうげき,213,195,97,78,77,97
874,ラプラス,なみのり,れいとうビーム,サイコキネシス,１０まんボルト,ひかりのこな,ひかえめ,HP/とくこう,233,91,97,146,112,77
875,クロバット,クロスポイズン,ブレイブバード,シザークロス,しねんのずつき,するどいツメ,いじっぱり,こうげき/すばやさ,157,151,97,78,97,178
876,ジバコイル,１０まんボルト,ラスターカノン,トライアタック,シグナルビーム,ひかりのこな,ひかえめ,ぼうぎょ/とくこう,142,78,1633,195,107,77
877,ドサイドン,がんせきほう,じしん,アームハンマー,メガホーン,こだわりハチマキ,いじっぱり,HP/こうげき,218,206,147,64,72,57
878,モジャンボ,パワーウィップ,じしん,つばめがえし,かわらわり,のんきのおこう,いじっぱり,こうげき/ぼうぎょ,172,162,173,114,67,67
879,ポリゴンＺ,トライアタック,シャドーボール,１０まんボルト,じこさいせい,たつじんのおび,ひかえめ,とくこう/すばやさ,157,87,87,201,92,138
880,ギャラドス,たきのぼり,じしん,ねむる,りゅうのまい,カゴのみ,いじっぱり,こうげき/すばやさ,167,190,96,69,117,129
881,カビゴン,すてみタックル,じしん,しねんのずつき,かみくだく,いのちのたま,いじっぱり,HP/こうげき,263,173,82,73,127,47
882,キングドラ,ハイドロポンプ,りゅうせいぐん,ふぶき,シグナルビーム,こうかくレンズ,ひかえめ,HP/とくこう,178,100,112,157,112,102
883,ハピナス,ゆめくい,うたう,タマゴうみ,カウンター,たべのこし,おだやか,HP/とくぼう,358,24,27,92,201,71
884,ミロカロス,なみのり,れいとうビーム,りゅうのはどう,じこさいせい,ラムのみ,ひかえめ,HP/とくこう,198,69,96,162,142,98
885,エレキブル,かみなりパンチ,ほのおのパンチ,れいとうパンチ,じしん,シュカのみ,いじっぱり,こうげき/すばやさ,147,188,84,100,102,143
886,ブーバーン,オーバーヒート,サイコキネシス,きあいだま,あやしいひかり,しろいハーブ,ひかえめ,とくこう/すばやさ,147,100,84,190,112,131
887,トゲキッス,はかいこうせん,エアスラッシュ,はどうだん,サイコキネシス,たつじんのおび,ひかえめ,とくこう/すばやさ,157,60,112,184,132,128
888,ウインディ,フレアドライブ,しんそく,かみくだく,かみなりのキバ,きあいのハチマキ,いじっぱり,こうげき/すばやさ,162,173,97,105,97,143
889,カイリュー,げきりん,ギガインパクト,じしん,ばかぢから,こだわりハチマキ,いじっぱり,こうげき/とくぼう,163,200,112,105,148,97
890,バンギラス,ストーンエッジ,かみくだく,じしん,りゅうのまい,ヨプのみ,いじっぱり,HP/こうげき,203,200,127,100,117,78
891,ボーマンダ,げきりん,かみくだく,じしん,しねんのずつき,ラムのみ,いじっぱり,こうげき/すばやさ,167,201,94,114,97,148
892,メタグロス,コメットパンチ,しねんのずつき,じしん,だいばくはつ,せんせいのツメ,いじっぱり,HP/こうげき,183,201,147,100,107,87
893,ガブリアス,げきりん,じしん,かみくだく,ほのおのキバ,キーのみ,いじっぱり,こうげき/すばやさ,180,168,112,87,102,150
894,ケッキング,ギガインパクト,じしん,アームハンマー,シャドークロー,ちからのハチマキ,いじっぱり,HP/こうげき,253,228,117,100,82,117
895,フリーザー,ふぶき,そらをとぶ,はねやすめ,あられ,つめたいいわ,きまぐれ,こうげき/とくこう,162,133,117,143,142,102
896,サンダー,かみなり,ドリルくちばし,でんじは,あまごい,ヤチェのみ,まじめ,こうげき/すばやさ,162,138,102,142,107,148
897,ファイヤー,かえんほうしゃ,エアスラッシュ,げんしのちから,はねやすめ,イトケのみ,おくびょう,とくこう/すばやさ,132,105,107,173,102,151
898,ライコウ,１０まんボルト,シャドーボール,でんじは,ひかりのかべ,ラムのみ,おくびょう,とくこう/すばやさ,162,91,92,163,117,179
899,エンテイ,ほのおのキバ,おんがえし,ほえる,リフレクター,シュカのみ,ようき,こうげき/すばやさ,187,163,102,96,92,162
900,スイクン,なみのり,こごえるかぜ,あやしいかぜ,ミラーコート,きあいのタスキ,おだやか,とくこう/とくぼう,173,82,132,138,179,102
901,レジロック,いわなだれ,じしん,かわらわり,すなあらし,たべのこし,わんぱく,こうげき/ぼうぎょ,152,148,272,60,117,67
902,レジアイス,れいとうビーム,シグナルビーム,チャージビーム,ドわすれ,ラムのみ,ひかえめ,とくこう/とくぼう,152,60,117,162,248,67
903,レジスチル,ラスターカノン,１０まんボルト,でんじは,ドわすれ,ラムのみ,ひかえめ,HP/とくこう,183,82,167,135,167,67
904,ラティアス,サイコキネシス,りゅうのはどう,メロメロ,めいそう,ラムのみ,おだやか,とくこう/とくぼう,152,87,107,158,195,127
905,ラティオス,サイコキネシス,りゅうのはどう,でんじは,めいそう,きあいのハチマキ,おだやか,とくこう/とくぼう,152,96,97,178,173,127
906,ヒードラン,ねっぷう,ラスターカノン,げんしのちから,こわいかお,シュカのみ,ひかえめ,とくこう/とくぼう,163,96,123,195,154,94
907,クレセリア,サイコキネシス,ソーラービーム,つきのひかり,にほんばれ,あついいわ,ずぶとい,ぼうぎょ/とくぼう,192,78,184,92,178,102
908,レジギガス,おんがえし,つばめがえし,でんじは,あやしいひかり,のんきのおこう,わんぱく,HP/ぼうぎょ/とくぼう,203,177,162,87,148,117
909,フリーザー,ゆきなだれ,つばめがえし,からげんき,リフレクター,ソクノのみ,ゆうかん,こうげき/ぼうぎょ,162,146,1484,112,142,91
910,サンダー,１０まんボルト,げんしのちから,あやしいかぜ,ひかりのかべ,きあいのハチマキ,おくびょう,とくこう/すばやさ,162,146,148,112,142,91
911,ファイヤー,だいもんじ,ソーラービーム,はかいこうせん,にほんばれ,あついいわ,おくびょう,HP/とくこう,193,105,107,173,102,117
912,ライコウ,かみなりのキバ,かみくだく,アイアンヘッド,おんがえし,おうじゃのしるし,ようき,こうげき/すばやさ,162,133,92,118,117,179
913,エンテイ,ほのおのキバ,かみつく,アイアンヘッド,ストーンエッジ,おうじゃのしるし,ようき,こうげき/すばやさ,187,163,102,96,92,162
914,スイクン,たきのぼり,こおりのキバ,アイアンヘッド,かみつく,おうじゃのしるし,ようき,こうげき/すばやさ,172,123,132,96,132,146
915,レジロック,ほのおのパンチ,かみなりパンチ,れいとうパンチ,ドレインパンチ,するどいツメ,いじっぱり,HP/こうげき,183,162,217,60,117,67
916,レジアイス,ゆきなだれ,アームハンマー,かげぶんしん,のろい,たべのこし,わんぱく,HP/ぼうぎょ,183,67,162,105,217,67
917,レジスチル,アイアンヘッド,どくどく,かげぶんしん,てっぺき,たべのこし,いじっぱり,HP/ぼうぎょ/とくぼう,173,101,188,82,188,67
918,ラティアス,ドラゴンクロー,しねんのずつき,じしん,つばめがえし,たつじんのおび,いじっぱり,こうげき/すばやさ,152,140,107,114,147,158
919,ラティオス,ドラゴンクロー,シャドークロー,じしん,りゅうのまい,ラムのみ,いじっぱり,こうげき/すばやさ,152,151,97,132,127,158
920,ヒードラン,アイアンヘッド,じしん,ストーンエッジ,かみくだく,せんせいのツメ,いじっぱり,HP/こうげき,194,151,123,132,123,94
921,クレセリア,サイコキネシス,どくどく,かげぶんしん,つきのひかり,ラムのみ,ずぶとい,HP/ぼうぎょ/とくぼう,213,78,173,92,168,102
922,レジギガス,からげんき,しねんのずつき,かげぶんしん,みがわり,たべのこし,しんちょう,HP/ぼうぎょ/とくぼう,203,177,148,87,162,117
923,フリーザー,れいとうビーム,シグナルビーム,あやしいかぜ,みずのはどう,ものしりメガネ,ひかえめ,ぼうぎょ/とくこう,162,91,148,157,142,102
924,サンダー,ドリルくちばし,たつまき,はがねのつばさ,とんぼがえり,おうじゃのしるし,ようき,こうげき/すばやさ,162,138,102,127,107,162
925,ファイヤー,ゴッドバード,おんがえし,はがねのつばさ,とんぼがえり,パワフルハーブ,いじっぱり,こうげき/すばやさ,162,162,107,127,102,138
926,ライコウ,かみなり,じんつうりき,シグナルビーム,あまごい,ものしりメガネ,ひかえめ,とくこう/すばやさ,162,91,92,179,117,163
927,エンテイ,だいもんじ,ソーラービーム,はかいこうせん,にほんばれ,シュカのみ,ひかえめ,とくこう/すばやさ,187,118,102,151,92,148
928,スイクン,ハイドロポンプ,ふぶき,シャドーボール,あられ,ラムのみ,ずぶとい,ぼうぎょ/とくこう,172,82,179,138,132,102
929,レジロック,ストーンエッジ,アームハンマー,ねむる,のろい,カゴのみ,しんちょう,HP/とくぼう,183,117,217,60,162,67
930,レジアイス,れいとうビーム,ラスターカノン,げんしのちから,ねむる,カゴのみ,ずぶとい,ぼうぎょ/とくこう,152,60,162,148,217,67
931,レジスチル,シャドークロー,つばめがえし,かみなりパンチ,れいとうパンチ,するどいツメ,いじっぱり,HP/こうげき,183,135,167,82,167,67
932,ラティアス,サイコキネシス,れいとうビーム,エナジーボール,シャドーボール,ひかりのこな,おくびょう,とくこう/すばやさ,152,87,107,158,147,173
933,ラティオス,サイコキネシス,１０まんボルト,れいとうビーム,エナジーボール,ひかりのこな,おくびょう,とくこう/すばやさ,152,96,97,178,127,173
934,ヒードラン,かえんほうしゃ,だいちのちから,りゅうのはどう,あくのはどう,ひかりのこな,ひかえめ,HP/とくこう,194,96,123,195,123,94
935,クレセリア,サイコキネシス,シャドーボール,エナジーボール,チャージビーム,ものしりメガネ,ひかえめ,HP/とくこう,223,78,137,135,147,102
936,レジギガス,だいちのちから,きあいだま,１０まんボルト,げんしのちから,ものしりメガネ,ひかえめ,HP/とくこう,213,159,127,140,127,117
937,フリーザー,れいとうビーム,エアカッター,げんしのちから,ぜったいれいど,ヨロギのみ,ひかえめ,とくこう/とくぼう,162,91,117,157,173,102
938,サンダー,１０まんボルト,エアカッター,ねっぷう,シグナルビーム,ひかりのこな,ひかえめ,とくこう/すばやさ,162,96,102,190,107,148
939,ファイヤー,オーバーヒート,エアスラッシュ,げんしのちから,あやしいかぜ,しろいハーブ,ひかえめ,とくこう/すばやさ,162,105,107,190,102,138
940,ライコウ,１０まんボルト,じんつうりき,シャドーボール,めいそう,シュカのみ,ひかえめ,とくこう/すばやさ,132,91,92,179,117,163
941,エンテイ,オーバーヒート,じんつうりき,シャドーボール,めいそう,シュカのみ,ひかえめ,とくこう/すばやさ,187,118,102,151,92,148
942,スイクン,なみのり,れいとうビーム,じんつうりき,めいそう,ソクノのみ,ひかえめ,HP/とくこう,203,82,132,151,132,102
943,レジロック,ストーンエッジ,じしん,アームハンマー,だいばくはつ,せんせいのツメ,しんちょう,こうげき/とくぼう,152,148,217,60,162,67
944,レジアイス,れいとうビーム,１０まんボルト,はかいこうせん,きあいだま,かいがらのすず,ひかえめ,HP/とくこう,183,60,117,162,217,67
945,レジスチル,アイアンヘッド,アームハンマー,じしん,のろい,かいがらのすず,いじっぱり,HP/ぼうぎょ/とくぼう,173,101,188,82,188,67
946,ラティアス,ミストボール,りゅうせいぐん,１０まんボルト,なみのり,しろいハーブ,ひかえめ,とくこう/すばやさ,152,87,107,173,147,158
947,ラティオス,ラスターパージ,りゅうせいぐん,はかいこうせん,なみのり,しろいハーブ,ひかえめ,とくこう/すばやさ,152,96,97,195,127,158
948,ヒードラン,マグマストーム,ラスターカノン,だいちのちから,だいばくはつ,きあいのタスキ,れいせい,こうげき/とくこう,163,138,123,195,123,84
949,クレセリア,サイコキネシス,れいとうビーム,シグナルビーム,つきのひかり,たべのこし,ひかえめ,HP/ぼうぎょ/とくぼう,213,78,158,101,168,102
950,レジギガス,にぎりつぶす,じしん,ストーンエッジ,ドレインパンチ,ひかりのこな,いじっぱり,HP/こうげき,213,228,127,87,127,117
